-- phpMyAdmin SQL Dump
-- version 4.4.12
-- http://www.phpmyadmin.net
--
-- Host: localhost
-- Generation Time: Aug 09, 2015 at 09:29 AM
-- Server version: 5.6.25
-- PHP Version: 5.6.11

SET SQL_MODE = "NO_AUTO_VALUE_ON_ZERO";
SET time_zone = "+00:00";


/*!40101 SET @OLD_CHARACTER_SET_CLIENT=@@CHARACTER_SET_CLIENT */;
/*!40101 SET @OLD_CHARACTER_SET_RESULTS=@@CHARACTER_SET_RESULTS */;
/*!40101 SET @OLD_COLLATION_CONNECTION=@@COLLATION_CONNECTION */;
/*!40101 SET NAMES utf8mb4 */;

--
-- Database: `deco3801`
--

-- --------------------------------------------------------

--
-- Table structure for table `buoy`
--

CREATE TABLE IF NOT EXISTS `buoy` (
  `ID` int(11) NOT NULL,
  `name` varchar(255) NOT NULL,
  `last_ping` int(11) NOT NULL,
  `waiting_ping` int(11) NOT NULL,
  `current_send` int(11) NOT NULL,
  `current_poll` int(11) NOT NULL,
  `new_send` int(11) NOT NULL,
  `new_poll` int(11) NOT NULL
) ENGINE=InnoDB AUTO_INCREMENT=3 DEFAULT CHARSET=utf8;

--
-- Dumping data for table `buoy`
--

INSERT INTO `buoy` (`ID`, `name`, `last_ping`, `waiting_ping`, `current_send`, `current_poll`, `new_send`, `new_poll`) VALUES
(1, 'TEST', 45, 0, 0, 0, 0, 0),
(2, 'TESTBUOY', 0, 100, 60, 60, 60, 60);

-- --------------------------------------------------------

--
-- Table structure for table `command`
--

CREATE TABLE IF NOT EXISTS `command` (
  `command_id` int(11) NOT NULL,
  `content` text NOT NULL,
  `buoy_id` int(11) NOT NULL
) ENGINE=InnoDB DEFAULT CHARSET=latin1;

-- --------------------------------------------------------

--
-- Table structure for table `reading`
--

CREATE TABLE IF NOT EXISTS `reading` (
  `reading_id` int(11) NOT NULL,
  `gps_lat` float NOT NULL,
  `gps_long` float NOT NULL,
  `buoy_id` int(11) NOT NULL,
  `time` int(11) NOT NULL
) ENGINE=InnoDB AUTO_INCREMENT=543 DEFAULT CHARSET=utf8;

--
-- Dumping data for table `reading`
--

INSERT INTO `reading` (`reading_id`, `gps_lat`, `gps_long`, `buoy_id`, `time`) VALUES
(1, -27.5056, 152.972, 99, 1432121164),
(2, -27.5156, 153.002, 99, 1432121164),
(3, -27.495, 153.02, 99, 1432121164),
(4, -27.4725, 153.008, 99, 1432121164),
(5, -27.4659, 153.033, 99, 1432121164),
(6, -27.4475, 153.049, 99, 1432121164),
(7, -27.4437, 153.104, 99, 1432121164),
(8, -27.3924, 153.155, 99, 1432121164),
(9, -27.2904, 153.195, 99, 1432121164),
(10, -27.5277, 152.948, 99, 1432121164),
(11, -27.5156, 153.002, 99, 1432121164),
(12, -27.495, 153.02, 99, 1432121164),
(13, -27.4725, 153.008, 99, 1432121164),
(14, -27.4659, 153.033, 99, 1432121164),
(15, -27.5056, 152.972, 99, 1432121164),
(16, -27.4419, 153.33, 5, 1432121239),
(17, -27.135, 153.101, 6, 1432121239),
(18, -27.5015, 153.019, 7654, 1432121239),
(19, -27.4419, 153.33, 5, 1432121239),
(20, -27.2475, 153.224, 2, 1432121239),
(21, -27.5056, 152.972, 1, 1432185145),
(22, -27.5156, 153.002, 1, 1432185145),
(23, -27.495, 153.02, 1, 1432185145),
(24, -27.5277, 152.948, 1, 1432185145),
(25, -27.5056, 152.972, 1, 1432185145),
(26, -27.5156, 153.002, 1, 1432185145),
(27, -27.495, 153.02, 1, 1432185145),
(28, -27.4725, 153.008, 1, 1432185145),
(29, -27.4659, 153.033, 1, 1432185145),
(30, -27.4475, 153.049, 1, 1432185145),
(31, -27.4437, 153.104, 1, 1432185145),
(32, -27.3924, 153.155, 1, 1432185145),
(33, -27.2904, 153.195, 1, 1432185145),
(34, -27.2475, 153.224, 2, 1432185145),
(35, -27.4419, 153.33, 5, 1432185145),
(36, -27.135, 153.101, 6, 1432185145),
(37, -27.3505, 153.156, 58, 1432185145),
(38, -27.5015, 153.019, 7654, 1432185145),
(39, -27.5277, 152.948, 1, 1432185145),
(40, -27.5056, 152.972, 1, 1432185145),
(41, -27.5156, 153.002, 1, 1432185145),
(42, -27.495, 153.02, 1, 1432185145),
(43, -27.4725, 153.008, 1, 1432185145),
(44, -27.4659, 153.033, 1, 1432185145),
(45, -27.4475, 153.049, 1, 1432185145),
(46, -27.4437, 153.104, 1, 1432185145),
(47, -27.3924, 153.155, 1, 1432185145),
(48, -27.2904, 153.195, 1, 1432185145),
(49, -27.2475, 153.224, 2, 1432185145),
(50, -27.4419, 153.33, 5, 1432185145),
(51, -27.135, 153.101, 6, 1432185145),
(52, -27.3505, 153.156, 58, 1432185145),
(53, -27.5015, 153.019, 7654, 1432185145),
(54, -27.5277, 152.948, 1, 1432185145),
(55, -27.5056, 152.972, 1, 1432185145),
(56, -27.5156, 153.002, 1, 1432185145),
(57, -27.495, 153.02, 1, 1432185145),
(58, -27.4725, 153.008, 1, 1432185145),
(59, -27.4659, 153.033, 1, 1432185145),
(60, -27.4475, 153.049, 1, 1432185145),
(61, -27.4437, 153.104, 1, 1432185145),
(62, -27.3924, 153.155, 1, 1432185145),
(63, -27.2904, 153.195, 1, 1432185145),
(64, -27.2475, 153.224, 2, 1432185145),
(65, -27.4419, 153.33, 5, 1432185145),
(66, -27.135, 153.101, 6, 1432185145),
(67, -27.3505, 153.156, 58, 1432185145),
(68, -27.5015, 153.019, 7654, 1432185145),
(69, -27.5277, 152.948, 1, 1432185145),
(70, -27.5056, 152.972, 1, 1432185145),
(71, -27.5156, 153.002, 1, 1432185145),
(72, -27.495, 153.02, 1, 1432185145),
(73, -27.4725, 153.008, 1, 1432185145),
(74, -27.4659, 153.033, 1, 1432185145),
(75, -27.4475, 153.049, 1, 1432185145),
(76, -27.4437, 153.104, 1, 1432185145),
(77, -27.3924, 153.155, 1, 1432185145),
(78, -27.2904, 153.195, 1, 1432185145),
(79, -27.2475, 153.224, 2, 1432185145),
(80, -27.4419, 153.33, 5, 1432185145),
(81, -27.135, 153.101, 6, 1432185145),
(82, -27.3505, 153.156, 58, 1432185145),
(83, -27.5015, 153.019, 7654, 1432185145),
(84, -27.5277, 152.948, 1, 1432185145),
(85, -27.5056, 152.972, 1, 1432185145),
(86, -27.5156, 153.002, 1, 1432185145),
(87, -27.495, 153.02, 1, 1432185145),
(88, -27.4725, 153.008, 1, 1432185145),
(89, -27.4659, 153.033, 1, 1432185145),
(90, -27.4475, 153.049, 1, 1432185145),
(91, -27.4437, 153.104, 1, 1432185145),
(92, -27.3924, 153.155, 1, 1432185145),
(93, -27.2904, 153.195, 1, 1432185145),
(94, -27.2475, 153.224, 2, 1432185145),
(95, -27.4419, 153.33, 5, 1432185145),
(96, -27.135, 153.101, 6, 1432185145),
(97, -27.3505, 153.156, 58, 1432185145),
(98, -27.5015, 153.019, 7654, 1432185145),
(99, -27.5277, 152.948, 1, 1432185145),
(100, -27.5056, 152.972, 1, 1432185145),
(101, -27.5156, 153.002, 1, 1432185145),
(102, -27.495, 153.02, 1, 1432185145),
(103, -27.4725, 153.008, 1, 1432185145),
(104, -27.4659, 153.033, 1, 1432185145),
(105, -27.4475, 153.049, 1, 1432185145),
(106, -27.4437, 153.104, 1, 1432185145),
(107, -27.3924, 153.155, 1, 1432185145),
(108, -27.2904, 153.195, 1, 1432185145),
(109, -27.2475, 153.224, 2, 1432185145),
(110, -27.4419, 153.33, 5, 1432185145),
(111, -27.135, 153.101, 6, 1432185145),
(112, -27.3505, 153.156, 58, 1432185145),
(113, -27.5015, 153.019, 7654, 1432185145),
(114, -27.5277, 152.948, 1, 1432185145),
(115, -27.5056, 152.972, 1, 1432185145),
(116, -27.5156, 153.002, 1, 1432185145),
(117, -27.495, 153.02, 1, 1432185145),
(118, -27.4725, 153.008, 1, 1432185145),
(119, -27.4659, 153.033, 1, 1432185145),
(120, -27.4475, 153.049, 1, 1432185145),
(121, -27.4437, 153.104, 1, 1432185145),
(122, -27.3924, 153.155, 1, 1432185145),
(123, -27.2904, 153.195, 1, 1432185145),
(124, -27.2475, 153.224, 2, 1432185145),
(125, -27.4419, 153.33, 5, 1432185145),
(126, -27.135, 153.101, 6, 1432185145),
(127, -27.3505, 153.156, 58, 1432185145),
(128, -27.5015, 153.019, 7654, 1432185145),
(129, -27.5277, 152.948, 1, 1432185145),
(130, -27.5056, 152.972, 1, 1432185145),
(131, -27.5156, 153.002, 1, 1432185145),
(132, -27.495, 153.02, 1, 1432185145),
(133, -27.4725, 153.008, 1, 1432185145),
(134, -27.4659, 153.033, 1, 1432185145),
(135, -27.4475, 153.049, 1, 1432185145),
(136, -27.4437, 153.104, 1, 1432185145),
(137, -27.3924, 153.155, 1, 1432185145),
(138, -27.2904, 153.195, 1, 1432185145),
(139, -27.2475, 153.224, 2, 1432185145),
(140, -27.4419, 153.33, 5, 1432185145),
(141, -27.135, 153.101, 6, 1432185145),
(142, -27.3505, 153.156, 58, 1432185145),
(143, -27.5015, 153.019, 7654, 1432185145),
(144, -27.5277, 152.948, 1, 1432185145),
(145, -27.5056, 152.972, 1, 1432185145),
(146, -27.5156, 153.002, 1, 1432185145),
(147, -27.495, 153.02, 1, 1432185145),
(148, -27.4725, 153.008, 1, 1432185145),
(149, -27.4659, 153.033, 1, 1432185145),
(150, -27.4475, 153.049, 1, 1432185145),
(151, -27.4437, 153.104, 1, 1432185145),
(152, -27.3924, 153.155, 1, 1432185145),
(153, -27.2904, 153.195, 1, 1432185145),
(154, -27.2475, 153.224, 2, 1432185145),
(155, -27.4419, 153.33, 5, 1432185145),
(156, -27.135, 153.101, 6, 1432185145),
(157, -27.3505, 153.156, 58, 1432185145),
(158, -27.5015, 153.019, 7654, 1432185145),
(159, -27.5277, 152.948, 1, 1432185145),
(160, -27.5056, 152.972, 1, 1432185145),
(161, -27.5156, 153.002, 1, 1432185145),
(162, -27.495, 153.02, 1, 1432185145),
(163, -27.4725, 153.008, 1, 1432185145),
(164, -27.4659, 153.033, 1, 1432185145),
(165, -27.4475, 153.049, 1, 1432185145),
(166, -27.4437, 153.104, 1, 1432185145),
(167, -27.3924, 153.155, 1, 1432185145),
(168, -27.2904, 153.195, 1, 1432185145),
(169, -27.2475, 153.224, 2, 1432185145),
(170, -27.4419, 153.33, 5, 1432185145),
(171, -27.135, 153.101, 6, 1432185145),
(172, -27.3505, 153.156, 58, 1432185145),
(173, -27.5015, 153.019, 7654, 1432185145),
(174, -27.5277, 152.948, 1, 1432185145),
(175, -27.5056, 152.972, 1, 1432185145),
(176, -27.5156, 153.002, 1, 1432185145),
(177, -27.495, 153.02, 1, 1432185145),
(178, -27.4725, 153.008, 1, 1432185145),
(179, -27.4659, 153.033, 1, 1432185145),
(180, -27.4475, 153.049, 1, 1432185145),
(181, -27.4437, 153.104, 1, 1432185145),
(182, -27.3924, 153.155, 1, 1432185145),
(183, -27.2904, 153.195, 1, 1432185145),
(184, -27.2475, 153.224, 2, 1432185145),
(185, -27.4419, 153.33, 5, 1432185145),
(186, -27.135, 153.101, 6, 1432185145),
(187, -27.3505, 153.156, 58, 1432185145),
(188, -27.5015, 153.019, 7654, 1432185145),
(189, -27.5277, 152.948, 1, 1432185145),
(190, -27.5056, 152.972, 1, 1432185145),
(191, -27.5156, 153.002, 1, 1432185145),
(192, -27.495, 153.02, 1, 1432185145),
(193, -27.4725, 153.008, 1, 1432185145),
(194, -27.4659, 153.033, 1, 1432185145),
(195, -27.4475, 153.049, 1, 1432185145),
(196, -27.4437, 153.104, 1, 1432185145),
(197, -27.3924, 153.155, 1, 1432185145),
(198, -27.2904, 153.195, 1, 1432185145),
(199, -27.2475, 153.224, 2, 1432185145),
(200, -27.4419, 153.33, 5, 1432185145),
(201, -27.135, 153.101, 6, 1432185145),
(202, -27.3505, 153.156, 58, 1432185145),
(203, -27.5015, 153.019, 7654, 1432185145),
(204, -27.5277, 152.948, 1, 1432185145),
(205, -27.5056, 152.972, 1, 1432185145),
(206, -27.5156, 153.002, 1, 1432185145),
(207, -27.495, 153.02, 1, 1432185145),
(208, -27.4725, 153.008, 1, 1432185145),
(209, -27.4659, 153.033, 1, 1432185145),
(210, -27.4475, 153.049, 1, 1432185145),
(211, -27.4437, 153.104, 1, 1432185145),
(212, -27.3924, 153.155, 1, 1432185145),
(213, -27.2904, 153.195, 1, 1432185145),
(214, -27.2475, 153.224, 2, 1432185145),
(215, -27.4419, 153.33, 5, 1432185145),
(216, -27.135, 153.101, 6, 1432185145),
(217, -27.3505, 153.156, 58, 1432185145),
(218, -27.5015, 153.019, 7654, 1432185145),
(219, -27.5277, 152.948, 1, 1432185145),
(220, -27.5056, 152.972, 1, 1432185145),
(221, -27.5156, 153.002, 1, 1432185145),
(222, -27.495, 153.02, 1, 1432185145),
(223, -27.4725, 153.008, 1, 1432185145),
(224, -27.4659, 153.033, 1, 1432185145),
(225, -27.4475, 153.049, 1, 1432185145),
(226, -27.4437, 153.104, 1, 1432185145),
(227, -27.3924, 153.155, 1, 1432185145),
(228, -27.2904, 153.195, 1, 1432185145),
(229, -27.2475, 153.224, 2, 1432185145),
(230, -27.4419, 153.33, 5, 1432185145),
(231, -27.135, 153.101, 6, 1432185145),
(232, -27.3505, 153.156, 58, 1432185145),
(233, -27.5015, 153.019, 7654, 1432185145),
(234, -27.5277, 152.948, 1, 1432185145),
(235, -27.5056, 152.972, 1, 1432185145),
(236, -27.5156, 153.002, 1, 1432185145),
(237, -27.495, 153.02, 1, 1432185145),
(238, -27.4725, 153.008, 1, 1432185145),
(239, -27.4659, 153.033, 1, 1432185145),
(240, -27.4475, 153.049, 1, 1432185145),
(241, -27.4437, 153.104, 1, 1432185145),
(242, -27.3924, 153.155, 1, 1432185145),
(243, -27.2904, 153.195, 1, 1432185145),
(244, -27.2475, 153.224, 2, 1432185145),
(245, -27.4419, 153.33, 5, 1432185145),
(246, -27.135, 153.101, 6, 1432185145),
(247, -27.3505, 153.156, 58, 1432185145),
(248, -27.5015, 153.019, 7654, 1432185145),
(249, -27.5277, 152.948, 1, 1432185145),
(250, -27.5056, 152.972, 1, 1432185145),
(251, -27.5156, 153.002, 1, 1432185145),
(252, -27.495, 153.02, 1, 1432185145),
(253, -27.4725, 153.008, 1, 1432185145),
(254, -27.4659, 153.033, 1, 1432185145),
(255, -27.4475, 153.049, 1, 1432185145),
(256, -27.4437, 153.104, 1, 1432185145),
(257, -27.3924, 153.155, 1, 1432185145),
(258, -27.2904, 153.195, 1, 1432185145),
(259, -27.2475, 153.224, 2, 1432185145),
(260, -27.4419, 153.33, 5, 1432185145),
(261, -27.135, 153.101, 6, 1432185145),
(262, -27.3505, 153.156, 58, 1432185145),
(263, -27.5015, 153.019, 7654, 1432185145),
(264, -27.5277, 152.948, 1, 1432185145),
(265, -27.5056, 152.972, 1, 1432185145),
(266, -27.5156, 153.002, 1, 1432185145),
(267, -27.495, 153.02, 1, 1432185145),
(268, -27.5056, 152.972, 1, 1432260792),
(269, -27.5156, 153.002, 1, 1432260792),
(270, -27.495, 153.02, 1, 1432260792),
(271, -27.4725, 153.008, 1, 1432260792),
(272, -27.5056, 152.972, 1, 1432260792),
(273, -27.5277, 152.948, 1, 1432260792),
(274, -27.5056, 152.972, 1, 1432260792),
(275, -27.5156, 153.002, 1, 1432260792),
(276, -27.495, 153.02, 1, 1432260792),
(277, -27.4725, 153.008, 1, 1432260792),
(278, -27.4659, 153.033, 1, 1432260792),
(279, -27.4475, 153.049, 1, 1432260792),
(280, -27.4437, 153.104, 1, 1432260792),
(281, -27.3924, 153.155, 1, 1432260792),
(282, -27.2904, 153.195, 1, 1432260792),
(283, -27.2475, 153.224, 2, 1432260792),
(284, -27.4419, 153.33, 5, 1432260792),
(285, -27.135, 153.101, 6, 1432260792),
(286, -27.3505, 153.156, 58, 1432260792),
(287, -27.5015, 153.019, 7654, 1432260792),
(288, -27.5277, 152.948, 1, 1432260792),
(289, -27.5056, 152.972, 1, 1432260792),
(290, -27.5156, 153.002, 1, 1432260792),
(291, -27.495, 153.02, 1, 1432260792),
(292, -27.4725, 153.008, 1, 1432260792),
(293, -27.4659, 153.033, 1, 1432260792),
(294, -27.4475, 153.049, 1, 1432260792),
(295, -27.4437, 153.104, 1, 1432260792),
(296, -27.3924, 153.155, 1, 1432260792),
(297, -27.2904, 153.195, 1, 1432260792),
(298, -27.2475, 153.224, 2, 1432260792),
(299, -27.4419, 153.33, 5, 1432260792),
(300, -27.135, 153.101, 6, 1432260792),
(301, -27.3505, 153.156, 58, 1432260792),
(302, -27.5015, 153.019, 7654, 1432260792),
(303, -27.5277, 152.948, 1, 1432260792),
(304, -27.5056, 152.972, 1, 1432260792),
(305, -27.5156, 153.002, 1, 1432260792),
(306, -27.495, 153.02, 1, 1432260792),
(307, -27.4725, 153.008, 1, 1432260792),
(308, -27.4659, 153.033, 1, 1432260792),
(309, -27.4475, 153.049, 1, 1432260792),
(310, -27.4437, 153.104, 1, 1432260792),
(311, -27.5056, 152.972, 1, 1432260792),
(312, -27.5277, 152.948, 1, 1432260792),
(313, -27.5056, 152.972, 1, 1432260792),
(314, -27.5156, 153.002, 1, 1432260792),
(315, -27.495, 153.02, 1, 1432260792),
(316, -27.4725, 153.008, 1, 1432260792),
(317, -27.4659, 153.033, 1, 1432260792),
(318, -27.4475, 153.049, 1, 1432260792),
(319, -27.4437, 153.104, 1, 1432260792),
(320, -27.3924, 153.155, 1, 1432260792),
(321, -27.2904, 153.195, 1, 1432260792),
(322, -27.2475, 153.224, 2, 1432260792),
(323, -27.4419, 153.33, 5, 1432260792),
(324, -27.135, 153.101, 6, 1432260792),
(325, -27.3505, 153.156, 58, 1432260792),
(326, -27.5015, 153.019, 7654, 1432260792),
(327, -27.5277, 152.948, 1, 1432260792),
(328, -27.5056, 152.972, 1, 1432260792),
(329, -27.5156, 153.002, 1, 1432260792),
(330, -27.495, 153.02, 1, 1432260792),
(331, -27.4725, 153.008, 1, 1432260792),
(332, -27.4659, 153.033, 1, 1432260792),
(333, -27.4475, 153.049, 1, 1432260792),
(334, -27.4437, 153.104, 1, 1432260792),
(335, -27.3924, 153.155, 1, 1432260792),
(336, -27.2904, 153.195, 1, 1432260792),
(337, -27.2475, 153.224, 2, 1432260792),
(338, -27.4419, 153.33, 5, 1432260792),
(339, -27.135, 153.101, 6, 1432260792),
(340, -27.3505, 153.156, 58, 1432260792),
(341, -27.5015, 153.019, 7654, 1432260792),
(342, -27.5277, 152.948, 1, 1432260792),
(343, -27.5056, 152.972, 1, 1432260792),
(344, -27.5156, 153.002, 1, 1432260792),
(345, -27.495, 153.02, 1, 1432260792),
(346, -27.4725, 153.008, 1, 1432260792),
(347, -27.4659, 153.033, 1, 1432260792),
(348, -27.4475, 153.049, 1, 1432260792),
(349, -27.4437, 153.104, 1, 1432260792),
(350, -27.3924, 153.155, 1, 1432260792),
(351, -27.2904, 153.195, 1, 1432260792),
(352, -27.2475, 153.224, 2, 1432260792),
(353, -27.4419, 153.33, 5, 1432260792),
(354, -27.135, 153.101, 6, 1432260792),
(355, -27.3505, 153.156, 58, 1432260792),
(356, -27.5015, 153.019, 7654, 1432260792),
(357, -27.5277, 152.948, 1, 1432260792),
(358, -27.5056, 152.972, 1, 1432260792),
(359, -27.5156, 153.002, 1, 1432260792),
(360, -27.495, 153.02, 1, 1432260792),
(361, -27.4725, 153.008, 1, 1432260792),
(362, -27.4659, 153.033, 1, 1432260792),
(363, -27.4475, 153.049, 1, 1432260792),
(364, -27.4437, 153.104, 1, 1432260792),
(365, -27.3924, 153.155, 1, 1432260792),
(366, -27.2904, 153.195, 1, 1432260792),
(367, -27.2475, 153.224, 2, 1432260792),
(368, -27.4419, 153.33, 5, 1432260792),
(369, -27.135, 153.101, 6, 1432260792),
(370, -27.3505, 153.156, 58, 1432260792),
(371, -27.5015, 153.019, 7654, 1432260792),
(372, -27.5277, 152.948, 1, 1432260792),
(373, -27.5056, 152.972, 1, 1432260792),
(374, -27.5156, 153.002, 1, 1432260792),
(375, -27.495, 153.02, 1, 1432260792),
(376, -27.4725, 153.008, 1, 1432260792),
(377, -27.5056, 152.972, 1, 1432984334),
(378, -27.5056, 152.972, 1, 1432986704),
(379, -27.5056, 152.972, 1, 1432986741),
(380, -27.5156, 153.002, 1, 1432986741),
(381, -27.495, 153.02, 1, 1432986741),
(382, -27.4725, 153.008, 1, 1432986741),
(383, -27.4659, 153.033, 1, 1432986741),
(384, -27.4475, 153.049, 1, 1432986741),
(385, -27.4437, 153.104, 1, 1432986741),
(386, -27.3924, 153.155, 1, 1432986741),
(387, -27.5056, 152.972, 1, 1432986782),
(388, -27.5056, 152.972, 1, 1432986806),
(389, -27.5156, 153.002, 1, 1432986806),
(390, -27.5056, 152.972, 1, 1432986898),
(391, -27.5156, 153.002, 1, 1432986898),
(392, -27.495, 153.02, 1, 1432986898),
(393, -27.4725, 153.008, 1, 1432986898),
(394, -27.5056, 152.972, 1, 1432986898),
(395, -27.5156, 153.002, 1, 1432986898),
(396, -27.5277, 152.948, 1, 1432986898),
(397, -27.5056, 152.972, 1, 1432986898),
(398, -27.5156, 153.002, 1, 1432986898),
(399, -27.495, 153.02, 1, 1432986898),
(400, -27.4725, 153.008, 1, 1432986898),
(401, -27.4659, 153.033, 1, 1432986898),
(402, -27.4475, 153.049, 1, 1432986898),
(403, -27.4437, 153.104, 1, 1432986898),
(404, -27.3924, 153.155, 1, 1432986898),
(405, -27.2904, 153.195, 1, 1432986898),
(406, -27.2475, 153.224, 2, 1432986898),
(407, -27.4419, 153.33, 5, 1432986898),
(408, -27.135, 153.101, 6, 1432986898),
(409, -27.3505, 153.156, 58, 1432986898),
(410, -27.5056, 152.972, 1, 1432986931),
(411, -27.5156, 153.002, 1, 1432986931),
(412, -27.5056, 152.972, 1, 1432986961),
(413, -27.5156, 153.002, 1, 1432986961),
(414, -27.5056, 152.972, 1, 1432987000),
(415, -27.5056, 152.972, 1, 1432987021),
(416, -27.5156, 153.002, 1, 1432987021),
(417, -27.5056, 152.972, 1, 1432987034),
(418, -27.5156, 153.002, 1, 1432987034),
(419, -27.495, 153.02, 1, 1432987034),
(420, -27.5056, 152.972, 1, 1432987057),
(421, -27.5156, 153.002, 1, 1432987057),
(422, -27.495, 153.02, 1, 1432987057),
(423, -27.4725, 153.008, 1, 1432987057),
(424, -27.5056, 152.972, 1, 1432987449),
(425, -27.5156, 153.002, 1, 1432987449),
(426, -27.495, 153.02, 1, 1432987449),
(427, -27.5056, 152.972, 1, 1432987449),
(428, -27.5056, 152.972, 1, 1432987449),
(429, -27.5056, 152.972, 1, 1432987449),
(430, -27.5056, 152.972, 1, 1432987449),
(431, -27.5056, 152.972, 1, 1432987449),
(432, -27.5156, 153.002, 1, 1432987449),
(433, -27.495, 153.02, 1, 1432987449),
(434, -27.5056, 152.972, 1, 1432987449),
(435, -27.5056, 152.972, 1, 1433077347),
(436, -27.5056, 152.972, 1, 1433077347),
(437, -27.5156, 153.002, 1, 1433077347),
(438, -27.495, 153.02, 1, 1433077347),
(439, -27.4725, 153.008, 1, 1433077347),
(440, -27.4659, 153.033, 1, 1433077347),
(441, -27.5056, 152.972, 1, 1433077347),
(442, -27.5056, 152.972, 1, 1433077464),
(443, -27.5056, 152.972, 1, 1433077464),
(444, -27.5156, 153.002, 1, 1433077464),
(445, -27.495, 153.02, 1, 1433077464),
(446, -27.4725, 153.008, 1, 1433077464),
(447, -27.4659, 153.033, 1, 1433077464),
(448, -27.4475, 153.049, 1, 1433077464),
(449, -27.5056, 152.972, 1, 1433077464),
(450, -27.5277, 152.948, 1, 1433077464),
(451, -27.5056, 152.972, 1, 1433077464),
(452, -27.5156, 153.002, 1, 1433077464),
(453, -27.495, 153.02, 1, 1433077464),
(454, -27.4725, 153.008, 1, 1433077464),
(455, -27.4659, 153.033, 1, 1433077464),
(456, -27.4475, 153.049, 1, 1433077464),
(457, -27.4437, 153.104, 1, 1433077464),
(458, -27.3924, 153.155, 1, 1433077464),
(459, -27.2904, 153.195, 1, 1433077464),
(460, -27.2475, 153.224, 2, 1433077464),
(461, -27.4419, 153.33, 5, 1433077464),
(462, -27.135, 153.101, 6, 1433077464),
(463, -27.3505, 153.156, 58, 1433077464),
(464, -27.5015, 153.019, 7654, 1433077464),
(465, -27.5277, 152.948, 1, 1433077464),
(466, -27.5056, 152.972, 1, 1433077464),
(467, -27.5156, 153.002, 1, 1433077464),
(468, -27.495, 153.02, 1, 1433077464),
(469, -27.4725, 153.008, 1, 1433077464),
(470, -27.4659, 153.033, 1, 1433077464),
(471, -27.4475, 153.049, 1, 1433077464),
(472, -27.4437, 153.104, 1, 1433077464),
(473, -27.3924, 153.155, 1, 1433077464),
(474, -27.2904, 153.195, 1, 1433077464),
(475, -27.2475, 153.224, 2, 1433077464),
(476, -27.4419, 153.33, 5, 1433077464),
(477, -27.135, 153.101, 6, 1433077464),
(478, -27.3505, 153.156, 58, 1433077464),
(479, -27.5015, 153.019, 7654, 1433077464),
(480, -27.5277, 152.948, 1, 1433077464),
(481, -27.5056, 152.972, 1, 1433077464),
(482, -27.5156, 153.002, 1, 1433077464),
(483, -27.495, 153.02, 1, 1433077464),
(484, -27.4725, 153.008, 1, 1433077464),
(485, -27.4659, 153.033, 1, 1433077464),
(486, -27.4475, 153.049, 1, 1433077464),
(487, -27.4437, 153.104, 1, 1433077464),
(488, -27.3924, 153.155, 1, 1433077464),
(489, -27.2904, 153.195, 1, 1433077464),
(490, -27.2475, 153.224, 2, 1433077464),
(491, -27.4419, 153.33, 5, 1433077464),
(492, -27.135, 153.101, 6, 1433077464),
(493, -27.3505, 153.156, 58, 1433077464),
(494, -27.5015, 153.019, 7654, 1433077464),
(495, -27.5277, 152.948, 1, 1433077464),
(496, -27.5056, 152.972, 1, 1433077464),
(497, -27.5156, 153.002, 1, 1433077464),
(498, -27.495, 153.02, 1, 1433077464),
(499, -27.4725, 153.008, 1, 1433077464),
(500, -27.4659, 153.033, 1, 1433077464),
(501, -27.4475, 153.049, 1, 1433077464),
(502, -27.4437, 153.104, 1, 1433077464),
(503, -27.3924, 153.155, 1, 1433077464),
(504, -27.2904, 153.195, 1, 1433077464),
(505, -27.2475, 153.224, 2, 1433077464),
(506, -27.4419, 153.33, 5, 1433077464),
(507, -27.135, 153.101, 6, 1433077464),
(508, -27.3505, 153.156, 58, 1433077464),
(509, -27.5015, 153.019, 7654, 1433077464),
(510, -27.5277, 152.948, 1, 1433077464),
(511, -27.5056, 152.972, 1, 1433077464),
(512, -27.5156, 153.002, 1, 1433077464),
(513, -27.495, 153.02, 1, 1433077464),
(514, -27.4725, 153.008, 1, 1433077464),
(515, -27.4659, 153.033, 1, 1433077464),
(516, -27.4475, 153.049, 1, 1433077464),
(517, -27.4437, 153.104, 1, 1433077464),
(518, -27.3924, 153.155, 1, 1433077464),
(519, -27.2904, 153.195, 1, 1433077464),
(520, -27.2475, 153.224, 2, 1433077464),
(521, -27.5056, 152.972, 1, 1433077464),
(522, -27.5156, 153.002, 1, 1433077464),
(523, -27.495, 153.02, 1, 1433077464),
(524, -27.5056, 152.972, 1, 1433077464),
(525, -27.5056, 152.972, 1, 1433077464),
(526, -27.5056, 152.972, 1, 1433077464),
(527, -27.5156, 153.002, 1, 1433077464),
(528, -27.495, 153.02, 1, 1433077464),
(529, -27.4725, 153.008, 1, 1433077464),
(530, -27.4659, 153.033, 1, 1433077464),
(531, -27.4475, 153.049, 1, 1433077464),
(532, -27.4437, 153.104, 1, 1433077464),
(533, -27.5056, 152.972, 1, 1433077464),
(534, -27.5056, 152.972, 1, 1433077653),
(535, -27.5156, 153.002, 1, 1433077653),
(536, -27.495, 153.02, 1, 1433077653),
(537, -27.5056, 152.972, 1, 1433077653),
(538, -27.5056, 152.972, 1, 1433112582),
(539, -27.5156, 153.002, 1, 1433112582),
(540, -27.495, 153.02, 1, 1433112582),
(541, -27.4725, 153.008, 1, 1433112582),
(542, -27.5056, 152.972, 1, 1433126793);

-- --------------------------------------------------------

--
-- Table structure for table `reading_value`
--

CREATE TABLE IF NOT EXISTS `reading_value` (
  `reading_id` int(11) NOT NULL,
  `value` float NOT NULL,
  `sensor_type` int(11) NOT NULL
) ENGINE=InnoDB DEFAULT CHARSET=utf8;

--
-- Dumping data for table `reading_value`
--

INSERT INTO `reading_value` (`reading_id`, `value`, `sensor_type`) VALUES
(1, 99, 0),
(1, 22.2, 1),
(1, 3.05, 2),
(2, 98, 0),
(2, 22, 1),
(2, 2.95, 2),
(3, 98, 0),
(3, 21.8, 1),
(3, 2.9, 2),
(4, 97, 0),
(4, 22.2, 1),
(4, 3, 2),
(5, 97, 0),
(5, 22.4, 1),
(5, 3.05, 2),
(6, 96, 0),
(6, 22.45, 1),
(6, 3.1, 2),
(7, 96, 0),
(7, 22.25, 1),
(7, 3.15, 2),
(8, 95, 0),
(8, 22.15, 1),
(8, 3.05, 2),
(9, 95, 0),
(9, 21.95, 1),
(9, 3, 2),
(10, 99, 0),
(10, 22.35, 1),
(10, 3, 2),
(11, 98, 0),
(11, 22, 1),
(11, 2.95, 2),
(12, 98, 0),
(12, 21.8, 1),
(12, 2.9, 2),
(13, 97, 0),
(13, 22.2, 1),
(13, 3, 2),
(14, 97, 0),
(14, 22.4, 1),
(14, 3.05, 2),
(15, 99, 0),
(15, 22.2, 1),
(15, 3.05, 2),
(16, 24, 0),
(16, 21.5, 1),
(16, 1, 2),
(17, 19, 0),
(17, 20, 1),
(17, 4, 2),
(18, 2, 0),
(18, 18.5, 1),
(18, 3.01, 2),
(19, 24, 0),
(19, 21.5, 1),
(19, 1, 2),
(20, 49, 0),
(20, 22, 1),
(20, 2, 2),
(21, 99, 0),
(21, 22.2, 1),
(21, 3.05, 2),
(22, 98, 0),
(22, 22, 1),
(22, 2.95, 2),
(23, 98, 0),
(23, 21.8, 1),
(23, 2.9, 2),
(24, 99, 0),
(24, 22.35, 1),
(24, 3, 2),
(25, 99, 0),
(25, 22.2, 1),
(25, 3.05, 2),
(26, 98, 0),
(26, 22, 1),
(26, 2.95, 2),
(27, 98, 0),
(27, 21.8, 1),
(27, 2.9, 2),
(28, 97, 0),
(28, 22.2, 1),
(28, 3, 2),
(29, 97, 0),
(29, 22.4, 1),
(29, 3.05, 2),
(30, 96, 0),
(30, 22.45, 1),
(30, 3.1, 2),
(31, 96, 0),
(31, 22.25, 1),
(31, 3.15, 2),
(32, 95, 0),
(32, 22.15, 1),
(32, 3.05, 2),
(33, 95, 0),
(33, 21.95, 1),
(33, 3, 2),
(34, 49, 0),
(34, 22, 1),
(34, 2, 2),
(35, 24, 0),
(35, 21.5, 1),
(35, 1, 2),
(36, 19, 0),
(36, 20, 1),
(36, 4, 2),
(37, 10, 0),
(37, 18, 1),
(37, 5, 2),
(38, 2, 0),
(38, 18.5, 1),
(38, 3.01, 2),
(39, 99, 0),
(39, 22.35, 1),
(39, 3, 2),
(40, 99, 0),
(40, 22.2, 1),
(40, 3.05, 2),
(41, 98, 0),
(41, 22, 1),
(41, 2.95, 2),
(42, 98, 0),
(42, 21.8, 1),
(42, 2.9, 2),
(43, 97, 0),
(43, 22.2, 1),
(43, 3, 2),
(44, 97, 0),
(44, 22.4, 1),
(44, 3.05, 2),
(45, 96, 0),
(45, 22.45, 1),
(45, 3.1, 2),
(46, 96, 0),
(46, 22.25, 1),
(46, 3.15, 2),
(47, 95, 0),
(47, 22.15, 1),
(47, 3.05, 2),
(48, 95, 0),
(48, 21.95, 1),
(48, 3, 2),
(49, 49, 0),
(49, 22, 1),
(49, 2, 2),
(50, 24, 0),
(50, 21.5, 1),
(50, 1, 2),
(51, 19, 0),
(51, 20, 1),
(51, 4, 2),
(52, 10, 0),
(52, 18, 1),
(52, 5, 2),
(53, 2, 0),
(53, 18.5, 1),
(53, 3.01, 2),
(54, 99, 0),
(54, 22.35, 1),
(54, 3, 2),
(55, 99, 0),
(55, 22.2, 1),
(55, 3.05, 2),
(56, 98, 0),
(56, 22, 1),
(56, 2.95, 2),
(57, 98, 0),
(57, 21.8, 1),
(57, 2.9, 2),
(58, 97, 0),
(58, 22.2, 1),
(58, 3, 2),
(59, 97, 0),
(59, 22.4, 1),
(59, 3.05, 2),
(60, 96, 0),
(60, 22.45, 1),
(60, 3.1, 2),
(61, 96, 0),
(61, 22.25, 1),
(61, 3.15, 2),
(62, 95, 0),
(62, 22.15, 1),
(62, 3.05, 2),
(63, 95, 0),
(63, 21.95, 1),
(63, 3, 2),
(64, 49, 0),
(64, 22, 1),
(64, 2, 2),
(65, 24, 0),
(65, 21.5, 1),
(65, 1, 2),
(66, 19, 0),
(66, 20, 1),
(66, 4, 2),
(67, 10, 0),
(67, 18, 1),
(67, 5, 2),
(68, 2, 0),
(68, 18.5, 1),
(68, 3.01, 2),
(69, 99, 0),
(69, 22.35, 1),
(69, 3, 2),
(70, 99, 0),
(70, 22.2, 1),
(70, 3.05, 2),
(71, 98, 0),
(71, 22, 1),
(71, 2.95, 2),
(72, 98, 0),
(72, 21.8, 1),
(72, 2.9, 2),
(73, 97, 0),
(73, 22.2, 1),
(73, 3, 2),
(74, 97, 0),
(74, 22.4, 1),
(74, 3.05, 2),
(75, 96, 0),
(75, 22.45, 1),
(75, 3.1, 2),
(76, 96, 0),
(76, 22.25, 1),
(76, 3.15, 2),
(77, 95, 0),
(77, 22.15, 1),
(77, 3.05, 2),
(78, 95, 0),
(78, 21.95, 1),
(78, 3, 2),
(79, 49, 0),
(79, 22, 1),
(79, 2, 2),
(80, 24, 0),
(80, 21.5, 1),
(80, 1, 2),
(81, 19, 0),
(81, 20, 1),
(81, 4, 2),
(82, 10, 0),
(82, 18, 1),
(82, 5, 2),
(83, 2, 0),
(83, 18.5, 1),
(83, 3.01, 2),
(84, 99, 0),
(84, 22.35, 1),
(84, 3, 2),
(85, 99, 0),
(85, 22.2, 1),
(85, 3.05, 2),
(86, 98, 0),
(86, 22, 1),
(86, 2.95, 2),
(87, 98, 0),
(87, 21.8, 1),
(87, 2.9, 2),
(88, 97, 0),
(88, 22.2, 1),
(88, 3, 2),
(89, 97, 0),
(89, 22.4, 1),
(89, 3.05, 2),
(90, 96, 0),
(90, 22.45, 1),
(90, 3.1, 2),
(91, 96, 0),
(91, 22.25, 1),
(91, 3.15, 2),
(92, 95, 0),
(92, 22.15, 1),
(92, 3.05, 2),
(93, 95, 0),
(93, 21.95, 1),
(93, 3, 2),
(94, 49, 0),
(94, 22, 1),
(94, 2, 2),
(95, 24, 0),
(95, 21.5, 1),
(95, 1, 2),
(96, 19, 0),
(96, 20, 1),
(96, 4, 2),
(97, 10, 0),
(97, 18, 1),
(97, 5, 2),
(98, 2, 0),
(98, 18.5, 1),
(98, 3.01, 2),
(99, 99, 0),
(99, 22.35, 1),
(99, 3, 2),
(100, 99, 0),
(100, 22.2, 1),
(100, 3.05, 2),
(101, 98, 0),
(101, 22, 1),
(101, 2.95, 2),
(102, 98, 0),
(102, 21.8, 1),
(102, 2.9, 2),
(103, 97, 0),
(103, 22.2, 1),
(103, 3, 2),
(104, 97, 0),
(104, 22.4, 1),
(104, 3.05, 2),
(105, 96, 0),
(105, 22.45, 1),
(105, 3.1, 2),
(106, 96, 0),
(106, 22.25, 1),
(106, 3.15, 2),
(107, 95, 0),
(107, 22.15, 1),
(107, 3.05, 2),
(108, 95, 0),
(108, 21.95, 1),
(108, 3, 2),
(109, 49, 0),
(109, 22, 1),
(109, 2, 2),
(110, 24, 0),
(110, 21.5, 1),
(110, 1, 2),
(111, 19, 0),
(111, 20, 1),
(111, 4, 2),
(112, 10, 0),
(112, 18, 1),
(112, 5, 2),
(113, 2, 0),
(113, 18.5, 1),
(113, 3.01, 2),
(114, 99, 0),
(114, 22.35, 1),
(114, 3, 2),
(115, 99, 0),
(115, 22.2, 1),
(115, 3.05, 2),
(116, 98, 0),
(116, 22, 1),
(116, 2.95, 2),
(117, 98, 0),
(117, 21.8, 1),
(117, 2.9, 2),
(118, 97, 0),
(118, 22.2, 1),
(118, 3, 2),
(119, 97, 0),
(119, 22.4, 1),
(119, 3.05, 2),
(120, 96, 0),
(120, 22.45, 1),
(120, 3.1, 2),
(121, 96, 0),
(121, 22.25, 1),
(121, 3.15, 2),
(122, 95, 0),
(122, 22.15, 1),
(122, 3.05, 2),
(123, 95, 0),
(123, 21.95, 1),
(123, 3, 2),
(124, 49, 0),
(124, 22, 1),
(124, 2, 2),
(125, 24, 0),
(125, 21.5, 1),
(125, 1, 2),
(126, 19, 0),
(126, 20, 1),
(126, 4, 2),
(127, 10, 0),
(127, 18, 1),
(127, 5, 2),
(128, 2, 0),
(128, 18.5, 1),
(128, 3.01, 2),
(129, 99, 0),
(129, 22.35, 1),
(129, 3, 2),
(130, 99, 0),
(130, 22.2, 1),
(130, 3.05, 2),
(131, 98, 0),
(131, 22, 1),
(131, 2.95, 2),
(132, 98, 0),
(132, 21.8, 1),
(132, 2.9, 2),
(133, 97, 0),
(133, 22.2, 1),
(133, 3, 2),
(134, 97, 0),
(134, 22.4, 1),
(134, 3.05, 2),
(135, 96, 0),
(135, 22.45, 1),
(135, 3.1, 2),
(136, 96, 0),
(136, 22.25, 1),
(136, 3.15, 2),
(137, 95, 0),
(137, 22.15, 1),
(137, 3.05, 2),
(138, 95, 0),
(138, 21.95, 1),
(138, 3, 2),
(139, 49, 0),
(139, 22, 1),
(139, 2, 2),
(140, 24, 0),
(140, 21.5, 1),
(140, 1, 2),
(141, 19, 0),
(141, 20, 1),
(141, 4, 2),
(142, 10, 0),
(142, 18, 1),
(142, 5, 2),
(143, 2, 0),
(143, 18.5, 1),
(143, 3.01, 2),
(144, 99, 0),
(144, 22.35, 1),
(144, 3, 2),
(145, 99, 0),
(145, 22.2, 1),
(145, 3.05, 2),
(146, 98, 0),
(146, 22, 1),
(146, 2.95, 2),
(147, 98, 0),
(147, 21.8, 1),
(147, 2.9, 2),
(148, 97, 0),
(148, 22.2, 1),
(148, 3, 2),
(149, 97, 0),
(149, 22.4, 1),
(149, 3.05, 2),
(150, 96, 0),
(150, 22.45, 1),
(150, 3.1, 2),
(151, 96, 0),
(151, 22.25, 1),
(151, 3.15, 2),
(152, 95, 0),
(152, 22.15, 1),
(152, 3.05, 2),
(153, 95, 0),
(153, 21.95, 1),
(153, 3, 2),
(154, 49, 0),
(154, 22, 1),
(154, 2, 2),
(155, 24, 0),
(155, 21.5, 1),
(155, 1, 2),
(156, 19, 0),
(156, 20, 1),
(156, 4, 2),
(157, 10, 0),
(157, 18, 1),
(157, 5, 2),
(158, 2, 0),
(158, 18.5, 1),
(158, 3.01, 2),
(159, 99, 0),
(159, 22.35, 1),
(159, 3, 2),
(160, 99, 0),
(160, 22.2, 1),
(160, 3.05, 2),
(161, 98, 0),
(161, 22, 1),
(161, 2.95, 2),
(162, 98, 0),
(162, 21.8, 1),
(162, 2.9, 2),
(163, 97, 0),
(163, 22.2, 1),
(163, 3, 2),
(164, 97, 0),
(164, 22.4, 1),
(164, 3.05, 2),
(165, 96, 0),
(165, 22.45, 1),
(165, 3.1, 2),
(166, 96, 0),
(166, 22.25, 1),
(166, 3.15, 2),
(167, 95, 0),
(167, 22.15, 1),
(167, 3.05, 2),
(168, 95, 0),
(168, 21.95, 1),
(168, 3, 2),
(169, 49, 0),
(169, 22, 1),
(169, 2, 2),
(170, 24, 0),
(170, 21.5, 1),
(170, 1, 2),
(171, 19, 0),
(171, 20, 1),
(171, 4, 2),
(172, 10, 0),
(172, 18, 1),
(172, 5, 2),
(173, 2, 0),
(173, 18.5, 1),
(173, 3.01, 2),
(174, 99, 0),
(174, 22.35, 1),
(174, 3, 2),
(175, 99, 0),
(175, 22.2, 1),
(175, 3.05, 2),
(176, 98, 0),
(176, 22, 1),
(176, 2.95, 2),
(177, 98, 0),
(177, 21.8, 1),
(177, 2.9, 2),
(178, 97, 0),
(178, 22.2, 1),
(178, 3, 2),
(179, 97, 0),
(179, 22.4, 1),
(179, 3.05, 2),
(180, 96, 0),
(180, 22.45, 1),
(180, 3.1, 2),
(181, 96, 0),
(181, 22.25, 1),
(181, 3.15, 2),
(182, 95, 0),
(182, 22.15, 1),
(182, 3.05, 2),
(183, 95, 0),
(183, 21.95, 1),
(183, 3, 2),
(184, 49, 0),
(184, 22, 1),
(184, 2, 2),
(185, 24, 0),
(185, 21.5, 1),
(185, 1, 2),
(186, 19, 0),
(186, 20, 1),
(186, 4, 2),
(187, 10, 0),
(187, 18, 1),
(187, 5, 2),
(188, 2, 0),
(188, 18.5, 1),
(188, 3.01, 2),
(189, 99, 0),
(189, 22.35, 1),
(189, 3, 2),
(190, 99, 0),
(190, 22.2, 1),
(190, 3.05, 2),
(191, 98, 0),
(191, 22, 1),
(191, 2.95, 2),
(192, 98, 0),
(192, 21.8, 1),
(192, 2.9, 2),
(193, 97, 0),
(193, 22.2, 1),
(193, 3, 2),
(194, 97, 0),
(194, 22.4, 1),
(194, 3.05, 2),
(195, 96, 0),
(195, 22.45, 1),
(195, 3.1, 2),
(196, 96, 0),
(196, 22.25, 1),
(196, 3.15, 2),
(197, 95, 0),
(197, 22.15, 1),
(197, 3.05, 2),
(198, 95, 0),
(198, 21.95, 1),
(198, 3, 2),
(199, 49, 0),
(199, 22, 1),
(199, 2, 2),
(200, 24, 0),
(200, 21.5, 1),
(200, 1, 2),
(201, 19, 0),
(201, 20, 1),
(201, 4, 2),
(202, 10, 0),
(202, 18, 1),
(202, 5, 2),
(203, 2, 0),
(203, 18.5, 1),
(203, 3.01, 2),
(204, 99, 0),
(204, 22.35, 1),
(204, 3, 2),
(205, 99, 0),
(205, 22.2, 1),
(205, 3.05, 2),
(206, 98, 0),
(206, 22, 1),
(206, 2.95, 2),
(207, 98, 0),
(207, 21.8, 1),
(207, 2.9, 2),
(208, 97, 0),
(208, 22.2, 1),
(208, 3, 2),
(209, 97, 0),
(209, 22.4, 1),
(209, 3.05, 2),
(210, 96, 0),
(210, 22.45, 1),
(210, 3.1, 2),
(211, 96, 0),
(211, 22.25, 1),
(211, 3.15, 2),
(212, 95, 0),
(212, 22.15, 1),
(212, 3.05, 2),
(213, 95, 0),
(213, 21.95, 1),
(213, 3, 2),
(214, 49, 0),
(214, 22, 1),
(214, 2, 2),
(215, 24, 0),
(215, 21.5, 1),
(215, 1, 2),
(216, 19, 0),
(216, 20, 1),
(216, 4, 2),
(217, 10, 0),
(217, 18, 1),
(217, 5, 2),
(218, 2, 0),
(218, 18.5, 1),
(218, 3.01, 2),
(219, 99, 0),
(219, 22.35, 1),
(219, 3, 2),
(220, 99, 0),
(220, 22.2, 1),
(220, 3.05, 2),
(221, 98, 0),
(221, 22, 1),
(221, 2.95, 2),
(222, 98, 0),
(222, 21.8, 1),
(222, 2.9, 2),
(223, 97, 0),
(223, 22.2, 1),
(223, 3, 2),
(224, 97, 0),
(224, 22.4, 1),
(224, 3.05, 2),
(225, 96, 0),
(225, 22.45, 1),
(225, 3.1, 2),
(226, 96, 0),
(226, 22.25, 1),
(226, 3.15, 2),
(227, 95, 0),
(227, 22.15, 1),
(227, 3.05, 2),
(228, 95, 0),
(228, 21.95, 1),
(228, 3, 2),
(229, 49, 0),
(229, 22, 1),
(229, 2, 2),
(230, 24, 0),
(230, 21.5, 1),
(230, 1, 2),
(231, 19, 0),
(231, 20, 1),
(231, 4, 2),
(232, 10, 0),
(232, 18, 1),
(232, 5, 2),
(233, 2, 0),
(233, 18.5, 1),
(233, 3.01, 2),
(234, 99, 0),
(234, 22.35, 1),
(234, 3, 2),
(235, 99, 0),
(235, 22.2, 1),
(235, 3.05, 2),
(236, 98, 0),
(236, 22, 1),
(236, 2.95, 2),
(237, 98, 0),
(237, 21.8, 1),
(237, 2.9, 2),
(238, 97, 0),
(238, 22.2, 1),
(238, 3, 2),
(239, 97, 0),
(239, 22.4, 1),
(239, 3.05, 2),
(240, 96, 0),
(240, 22.45, 1),
(240, 3.1, 2),
(241, 96, 0),
(241, 22.25, 1),
(241, 3.15, 2),
(242, 95, 0),
(242, 22.15, 1),
(242, 3.05, 2),
(243, 95, 0),
(243, 21.95, 1),
(243, 3, 2),
(244, 49, 0),
(244, 22, 1),
(244, 2, 2),
(245, 24, 0),
(245, 21.5, 1),
(245, 1, 2),
(246, 19, 0),
(246, 20, 1),
(246, 4, 2),
(247, 10, 0),
(247, 18, 1),
(247, 5, 2),
(248, 2, 0),
(248, 18.5, 1),
(248, 3.01, 2),
(249, 99, 0),
(249, 22.35, 1),
(249, 3, 2),
(250, 99, 0),
(250, 22.2, 1),
(250, 3.05, 2),
(251, 98, 0),
(251, 22, 1),
(251, 2.95, 2),
(252, 98, 0),
(252, 21.8, 1),
(252, 2.9, 2),
(253, 97, 0),
(253, 22.2, 1),
(253, 3, 2),
(254, 97, 0),
(254, 22.4, 1),
(254, 3.05, 2),
(255, 96, 0),
(255, 22.45, 1),
(255, 3.1, 2),
(256, 96, 0),
(256, 22.25, 1),
(256, 3.15, 2),
(257, 95, 0),
(257, 22.15, 1),
(257, 3.05, 2),
(258, 95, 0),
(258, 21.95, 1),
(258, 3, 2),
(259, 49, 0),
(259, 22, 1),
(259, 2, 2),
(260, 24, 0),
(260, 21.5, 1),
(260, 1, 2),
(261, 19, 0),
(261, 20, 1),
(261, 4, 2),
(262, 10, 0),
(262, 18, 1),
(262, 5, 2),
(263, 2, 0),
(263, 18.5, 1),
(263, 3.01, 2),
(264, 99, 0),
(264, 22.35, 1),
(264, 3, 2),
(265, 99, 0),
(265, 22.2, 1),
(265, 3.05, 2),
(266, 98, 0),
(266, 22, 1),
(266, 2.95, 2),
(267, 98, 0),
(267, 21.8, 1),
(267, 2.9, 2),
(268, 99, 0),
(268, 22.2, 1),
(268, 3.05, 2),
(269, 98, 0),
(269, 22, 1),
(269, 2.95, 2),
(270, 98, 0),
(270, 21.8, 1),
(270, 2.9, 2),
(271, 97, 0),
(271, 22.2, 1),
(271, 3, 2),
(272, 99, 0),
(272, 22.2, 1),
(272, 3.05, 2),
(273, 99, 0),
(273, 22.35, 1),
(273, 3, 2),
(274, 99, 0),
(274, 22.2, 1),
(274, 3.05, 2),
(275, 98, 0),
(275, 22, 1),
(275, 2.95, 2),
(276, 98, 0),
(276, 21.8, 1),
(276, 2.9, 2),
(277, 97, 0),
(277, 22.2, 1),
(277, 3, 2),
(278, 97, 0),
(278, 22.4, 1),
(278, 3.05, 2),
(279, 96, 0),
(279, 22.45, 1),
(279, 3.1, 2),
(280, 96, 0),
(280, 22.25, 1),
(280, 3.15, 2),
(281, 95, 0),
(281, 22.15, 1),
(281, 3.05, 2),
(282, 95, 0),
(282, 21.95, 1),
(282, 3, 2),
(283, 49, 0),
(283, 22, 1),
(283, 2, 2),
(284, 24, 0),
(284, 21.5, 1),
(284, 1, 2),
(285, 19, 0),
(285, 20, 1),
(285, 4, 2),
(286, 10, 0),
(286, 18, 1),
(286, 5, 2),
(287, 2, 0),
(287, 18.5, 1),
(287, 3.01, 2),
(288, 99, 0),
(288, 22.35, 1),
(288, 3, 2),
(289, 99, 0),
(289, 22.2, 1),
(289, 3.05, 2),
(290, 98, 0),
(290, 22, 1),
(290, 2.95, 2),
(291, 98, 0),
(291, 21.8, 1),
(291, 2.9, 2),
(292, 97, 0),
(292, 22.2, 1),
(292, 3, 2),
(293, 97, 0),
(293, 22.4, 1),
(293, 3.05, 2),
(294, 96, 0),
(294, 22.45, 1),
(294, 3.1, 2),
(295, 96, 0),
(295, 22.25, 1),
(295, 3.15, 2),
(296, 95, 0),
(296, 22.15, 1),
(296, 3.05, 2),
(297, 95, 0),
(297, 21.95, 1),
(297, 3, 2),
(298, 49, 0),
(298, 22, 1),
(298, 2, 2),
(299, 24, 0),
(299, 21.5, 1),
(299, 1, 2),
(300, 19, 0),
(300, 20, 1),
(300, 4, 2),
(301, 10, 0),
(301, 18, 1),
(301, 5, 2),
(302, 2, 0),
(302, 18.5, 1),
(302, 3.01, 2),
(303, 99, 0),
(303, 22.35, 1),
(303, 3, 2),
(304, 99, 0),
(304, 22.2, 1),
(304, 3.05, 2),
(305, 98, 0),
(305, 22, 1),
(305, 2.95, 2),
(306, 98, 0),
(306, 21.8, 1),
(306, 2.9, 2),
(307, 97, 0),
(307, 22.2, 1),
(307, 3, 2),
(308, 97, 0),
(308, 22.4, 1),
(308, 3.05, 2),
(309, 96, 0),
(309, 22.45, 1),
(309, 3.1, 2),
(310, 96, 0),
(310, 22.25, 1),
(310, 3.15, 2),
(311, 99, 0),
(311, 22.2, 1),
(311, 3.05, 2),
(312, 99, 0),
(312, 22.35, 1),
(312, 3, 2),
(313, 99, 0),
(313, 22.2, 1),
(313, 3.05, 2),
(314, 98, 0),
(314, 22, 1),
(314, 2.95, 2),
(315, 98, 0),
(315, 21.8, 1),
(315, 2.9, 2),
(316, 97, 0),
(316, 22.2, 1),
(316, 3, 2),
(317, 97, 0),
(317, 22.4, 1),
(317, 3.05, 2),
(318, 96, 0),
(318, 22.45, 1),
(318, 3.1, 2),
(319, 96, 0),
(319, 22.25, 1),
(319, 3.15, 2),
(320, 95, 0),
(320, 22.15, 1),
(320, 3.05, 2),
(321, 95, 0),
(321, 21.95, 1),
(321, 3, 2),
(322, 49, 0),
(322, 22, 1),
(322, 2, 2),
(323, 24, 0),
(323, 21.5, 1),
(323, 1, 2),
(324, 19, 0),
(324, 20, 1),
(324, 4, 2),
(325, 10, 0),
(325, 18, 1),
(325, 5, 2),
(326, 2, 0),
(326, 18.5, 1),
(326, 3.01, 2),
(327, 99, 0),
(327, 22.35, 1),
(327, 3, 2),
(328, 99, 0),
(328, 22.2, 1),
(328, 3.05, 2),
(329, 98, 0),
(329, 22, 1),
(329, 2.95, 2),
(330, 98, 0),
(330, 21.8, 1),
(330, 2.9, 2),
(331, 97, 0),
(331, 22.2, 1),
(331, 3, 2),
(332, 97, 0),
(332, 22.4, 1),
(332, 3.05, 2),
(333, 96, 0),
(333, 22.45, 1),
(333, 3.1, 2),
(334, 96, 0),
(334, 22.25, 1),
(334, 3.15, 2),
(335, 95, 0),
(335, 22.15, 1),
(335, 3.05, 2),
(336, 95, 0),
(336, 21.95, 1),
(336, 3, 2),
(337, 49, 0),
(337, 22, 1),
(337, 2, 2),
(338, 24, 0),
(338, 21.5, 1),
(338, 1, 2),
(339, 19, 0),
(339, 20, 1),
(339, 4, 2),
(340, 10, 0),
(340, 18, 1),
(340, 5, 2),
(341, 2, 0),
(341, 18.5, 1),
(341, 3.01, 2),
(342, 99, 0),
(342, 22.35, 1),
(342, 3, 2),
(343, 99, 0),
(343, 22.2, 1),
(343, 3.05, 2),
(344, 98, 0),
(344, 22, 1),
(344, 2.95, 2),
(345, 98, 0),
(345, 21.8, 1),
(345, 2.9, 2),
(346, 97, 0),
(346, 22.2, 1),
(346, 3, 2),
(347, 97, 0),
(347, 22.4, 1),
(347, 3.05, 2),
(348, 96, 0),
(348, 22.45, 1),
(348, 3.1, 2),
(349, 96, 0),
(349, 22.25, 1),
(349, 3.15, 2),
(350, 95, 0),
(350, 22.15, 1),
(350, 3.05, 2),
(351, 95, 0),
(351, 21.95, 1),
(351, 3, 2),
(352, 49, 0),
(352, 22, 1),
(352, 2, 2),
(353, 24, 0),
(353, 21.5, 1),
(353, 1, 2),
(354, 19, 0),
(354, 20, 1),
(354, 4, 2),
(355, 10, 0),
(355, 18, 1),
(355, 5, 2),
(356, 2, 0),
(356, 18.5, 1),
(356, 3.01, 2),
(357, 99, 0),
(357, 22.35, 1),
(357, 3, 2),
(358, 99, 0),
(358, 22.2, 1),
(358, 3.05, 2),
(359, 98, 0),
(359, 22, 1),
(359, 2.95, 2),
(360, 98, 0),
(360, 21.8, 1),
(360, 2.9, 2),
(361, 97, 0),
(361, 22.2, 1),
(361, 3, 2),
(362, 97, 0),
(362, 22.4, 1),
(362, 3.05, 2),
(363, 96, 0),
(363, 22.45, 1),
(363, 3.1, 2),
(364, 96, 0),
(364, 22.25, 1),
(364, 3.15, 2),
(365, 95, 0),
(365, 22.15, 1),
(365, 3.05, 2),
(366, 95, 0),
(366, 21.95, 1),
(366, 3, 2),
(367, 49, 0),
(367, 22, 1),
(367, 2, 2),
(368, 24, 0),
(368, 21.5, 1),
(368, 1, 2),
(369, 19, 0),
(369, 20, 1),
(369, 4, 2),
(370, 10, 0),
(370, 18, 1),
(370, 5, 2),
(371, 2, 0),
(371, 18.5, 1),
(371, 3.01, 2),
(372, 99, 0),
(372, 22.35, 1),
(372, 3, 2),
(373, 99, 0),
(373, 22.2, 1),
(373, 3.05, 2),
(374, 98, 0),
(374, 22, 1),
(374, 2.95, 2),
(375, 98, 0),
(375, 21.8, 1),
(375, 2.9, 2),
(376, 97, 0),
(376, 22.2, 1),
(376, 3, 2),
(377, 99, 0),
(377, 22.2, 1),
(377, 3.05, 2),
(378, 99, 0),
(378, 22.2, 1),
(378, 3.05, 2),
(379, 99, 0),
(379, 22.2, 1),
(379, 3.05, 2),
(380, 98, 0),
(380, 22, 1),
(380, 2.95, 2),
(381, 98, 0),
(381, 21.8, 1),
(381, 2.9, 2),
(382, 97, 0),
(382, 22.2, 1),
(382, 3, 2),
(383, 97, 0),
(383, 22.4, 1),
(383, 3.05, 2),
(384, 96, 0),
(384, 22.45, 1),
(384, 3.1, 2),
(385, 96, 0),
(385, 22.25, 1),
(385, 3.15, 2),
(386, 95, 0),
(386, 22.15, 1),
(386, 3.05, 2),
(387, 99, 0),
(387, 22.2, 1),
(387, 3.05, 2),
(388, 99, 0),
(388, 22.2, 1),
(388, 3.05, 2),
(389, 98, 0),
(389, 22, 1),
(389, 2.95, 2),
(390, 99, 0),
(390, 22.2, 1),
(390, 3.05, 2),
(391, 98, 0),
(391, 22, 1),
(391, 2.95, 2),
(392, 98, 0),
(392, 21.8, 1),
(392, 2.9, 2),
(393, 97, 0),
(393, 22.2, 1),
(393, 3, 2),
(394, 99, 0),
(394, 22.2, 1),
(394, 3.05, 2),
(395, 98, 0),
(395, 22, 1),
(395, 2.95, 2),
(396, 99, 0),
(396, 22.35, 1),
(396, 3, 2),
(397, 99, 0),
(397, 22.2, 1),
(397, 3.05, 2),
(398, 98, 0),
(398, 22, 1),
(398, 2.95, 2),
(399, 98, 0),
(399, 21.8, 1),
(399, 2.9, 2),
(400, 97, 0),
(400, 22.2, 1),
(400, 3, 2),
(401, 97, 0),
(401, 22.4, 1),
(401, 3.05, 2),
(402, 96, 0),
(402, 22.45, 1),
(402, 3.1, 2),
(403, 96, 0),
(403, 22.25, 1),
(403, 3.15, 2),
(404, 95, 0),
(404, 22.15, 1),
(404, 3.05, 2),
(405, 95, 0),
(405, 21.95, 1),
(405, 3, 2),
(406, 49, 0),
(406, 22, 1),
(406, 2, 2),
(407, 24, 0),
(407, 21.5, 1),
(407, 1, 2),
(408, 19, 0),
(408, 20, 1),
(408, 4, 2),
(409, 10, 0),
(409, 18, 1),
(409, 5, 2),
(410, 99, 0),
(410, 22.2, 1),
(410, 3.05, 2),
(411, 98, 0),
(411, 22, 1),
(411, 2.95, 2),
(412, 99, 0),
(412, 22.2, 1),
(412, 3.05, 2),
(413, 98, 0),
(413, 22, 1),
(413, 2.95, 2),
(414, 99, 0),
(414, 22.2, 1),
(414, 3.05, 2),
(415, 99, 0),
(415, 22.2, 1),
(415, 3.05, 2),
(416, 98, 0),
(416, 22, 1),
(416, 2.95, 2),
(417, 99, 0),
(417, 22.2, 1),
(417, 3.05, 2),
(418, 98, 0),
(418, 22, 1),
(418, 2.95, 2),
(419, 98, 0),
(419, 21.8, 1),
(419, 2.9, 2),
(420, 99, 0),
(420, 22.2, 1),
(420, 3.05, 2),
(421, 98, 0),
(421, 22, 1),
(421, 2.95, 2),
(422, 98, 0),
(422, 21.8, 1),
(422, 2.9, 2),
(423, 97, 0),
(423, 22.2, 1),
(423, 3, 2),
(424, 99, 0),
(424, 22.2, 1),
(424, 3.05, 2),
(425, 98, 0),
(425, 22, 1),
(425, 2.95, 2),
(426, 98, 0),
(426, 21.8, 1),
(426, 2.9, 2),
(427, 99, 0),
(427, 22.2, 1),
(427, 3.05, 2),
(428, 99, 0),
(428, 22.2, 1),
(428, 3.05, 2),
(429, 99, 0),
(429, 22.2, 1),
(429, 3.05, 2),
(430, 99, 0),
(430, 22.2, 1),
(430, 3.05, 2),
(431, 99, 0),
(431, 22.2, 1),
(431, 3.05, 2),
(432, 98, 0),
(432, 22, 1),
(432, 2.95, 2),
(433, 98, 0),
(433, 21.8, 1),
(433, 2.9, 2),
(434, 99, 0),
(434, 22.2, 1),
(434, 3.05, 2),
(435, 99, 0),
(435, 22.2, 1),
(435, 3.05, 2),
(436, 99, 0),
(436, 22.2, 1),
(436, 3.05, 2),
(437, 98, 0),
(437, 22, 1),
(437, 2.95, 2),
(438, 98, 0),
(438, 21.8, 1),
(438, 2.9, 2),
(439, 97, 0),
(439, 22.2, 1),
(439, 3, 2),
(440, 97, 0),
(440, 22.4, 1),
(440, 3.05, 2),
(441, 99, 0),
(441, 22.2, 1),
(441, 3.05, 2),
(442, 99, 0),
(442, 22.2, 1),
(442, 3.05, 2),
(443, 99, 0),
(443, 22.2, 1),
(443, 3.05, 2),
(444, 98, 0),
(444, 22, 1),
(444, 2.95, 2),
(445, 98, 0),
(445, 21.8, 1),
(445, 2.9, 2),
(446, 97, 0),
(446, 22.2, 1),
(446, 3, 2),
(447, 97, 0),
(447, 22.4, 1),
(447, 3.05, 2),
(448, 96, 0),
(448, 22.45, 1),
(448, 3.1, 2),
(449, 99, 0),
(449, 22.2, 1),
(449, 3.05, 2),
(450, 99, 0),
(450, 22.35, 1),
(450, 3, 2),
(451, 99, 0),
(451, 22.2, 1),
(451, 3.05, 2),
(452, 98, 0),
(452, 22, 1),
(452, 2.95, 2),
(453, 98, 0),
(453, 21.8, 1),
(453, 2.9, 2),
(454, 97, 0),
(454, 22.2, 1),
(454, 3, 2),
(455, 97, 0),
(455, 22.4, 1),
(455, 3.05, 2),
(456, 96, 0),
(456, 22.45, 1),
(456, 3.1, 2),
(457, 96, 0),
(457, 22.25, 1),
(457, 3.15, 2),
(458, 95, 0),
(458, 22.15, 1),
(458, 3.05, 2),
(459, 95, 0),
(459, 21.95, 1),
(459, 3, 2),
(460, 49, 0),
(460, 22, 1),
(460, 2, 2),
(461, 24, 0),
(461, 21.5, 1),
(461, 1, 2),
(462, 19, 0),
(462, 20, 1),
(462, 4, 2),
(463, 10, 0),
(463, 18, 1),
(463, 5, 2),
(464, 2, 0),
(464, 18.5, 1),
(464, 3.01, 2),
(465, 99, 0),
(465, 22.35, 1),
(465, 3, 2),
(466, 99, 0),
(466, 22.2, 1),
(466, 3.05, 2),
(467, 98, 0),
(467, 22, 1),
(467, 2.95, 2),
(468, 98, 0),
(468, 21.8, 1),
(468, 2.9, 2),
(469, 97, 0),
(469, 22.2, 1),
(469, 3, 2),
(470, 97, 0),
(470, 22.4, 1),
(470, 3.05, 2),
(471, 96, 0),
(471, 22.45, 1),
(471, 3.1, 2),
(472, 96, 0),
(472, 22.25, 1),
(472, 3.15, 2),
(473, 95, 0),
(473, 22.15, 1),
(473, 3.05, 2),
(474, 95, 0),
(474, 21.95, 1),
(474, 3, 2),
(475, 49, 0),
(475, 22, 1),
(475, 2, 2),
(476, 24, 0),
(476, 21.5, 1),
(476, 1, 2),
(477, 19, 0),
(477, 20, 1),
(477, 4, 2),
(478, 10, 0),
(478, 18, 1),
(478, 5, 2),
(479, 2, 0),
(479, 18.5, 1),
(479, 3.01, 2),
(480, 99, 0),
(480, 22.35, 1),
(480, 3, 2),
(481, 99, 0),
(481, 22.2, 1),
(481, 3.05, 2),
(482, 98, 0),
(482, 22, 1),
(482, 2.95, 2),
(483, 98, 0),
(483, 21.8, 1),
(483, 2.9, 2),
(484, 97, 0),
(484, 22.2, 1),
(484, 3, 2),
(485, 97, 0),
(485, 22.4, 1),
(485, 3.05, 2),
(486, 96, 0),
(486, 22.45, 1),
(486, 3.1, 2),
(487, 96, 0),
(487, 22.25, 1),
(487, 3.15, 2),
(488, 95, 0),
(488, 22.15, 1),
(488, 3.05, 2),
(489, 95, 0),
(489, 21.95, 1),
(489, 3, 2),
(490, 49, 0),
(490, 22, 1),
(490, 2, 2),
(491, 24, 0),
(491, 21.5, 1),
(491, 1, 2),
(492, 19, 0),
(492, 20, 1),
(492, 4, 2),
(493, 10, 0),
(493, 18, 1),
(493, 5, 2),
(494, 2, 0),
(494, 18.5, 1),
(494, 3.01, 2),
(495, 99, 0),
(495, 22.35, 1),
(495, 3, 2),
(496, 99, 0),
(496, 22.2, 1),
(496, 3.05, 2),
(497, 98, 0),
(497, 22, 1),
(497, 2.95, 2),
(498, 98, 0),
(498, 21.8, 1),
(498, 2.9, 2),
(499, 97, 0),
(499, 22.2, 1),
(499, 3, 2),
(500, 97, 0),
(500, 22.4, 1),
(500, 3.05, 2),
(501, 96, 0),
(501, 22.45, 1),
(501, 3.1, 2),
(502, 96, 0),
(502, 22.25, 1),
(502, 3.15, 2),
(503, 95, 0),
(503, 22.15, 1),
(503, 3.05, 2),
(504, 95, 0),
(504, 21.95, 1),
(504, 3, 2),
(505, 49, 0),
(505, 22, 1),
(505, 2, 2),
(506, 24, 0),
(506, 21.5, 1),
(506, 1, 2),
(507, 19, 0),
(507, 20, 1),
(507, 4, 2),
(508, 10, 0),
(508, 18, 1),
(508, 5, 2),
(509, 2, 0),
(509, 18.5, 1),
(509, 3.01, 2),
(510, 99, 0),
(510, 22.35, 1),
(510, 3, 2),
(511, 99, 0),
(511, 22.2, 1),
(511, 3.05, 2),
(512, 98, 0),
(512, 22, 1),
(512, 2.95, 2),
(513, 98, 0),
(513, 21.8, 1),
(513, 2.9, 2),
(514, 97, 0),
(514, 22.2, 1),
(514, 3, 2),
(515, 97, 0),
(515, 22.4, 1),
(515, 3.05, 2),
(516, 96, 0),
(516, 22.45, 1),
(516, 3.1, 2),
(517, 96, 0),
(517, 22.25, 1),
(517, 3.15, 2),
(518, 95, 0),
(518, 22.15, 1),
(518, 3.05, 2),
(519, 95, 0),
(519, 21.95, 1),
(519, 3, 2),
(520, 49, 0),
(520, 22, 1),
(520, 2, 2),
(521, 99, 0),
(521, 22.2, 1),
(521, 3.05, 2),
(522, 98, 0),
(522, 22, 1),
(522, 2.95, 2),
(523, 98, 0),
(523, 21.8, 1),
(523, 2.9, 2),
(524, 99, 0),
(524, 22.2, 1),
(524, 3.05, 2),
(525, 99, 0),
(525, 22.2, 1),
(525, 3.05, 2),
(526, 99, 0),
(526, 22.2, 1),
(526, 3.05, 2),
(527, 98, 0),
(527, 22, 1),
(527, 2.95, 2),
(528, 98, 0),
(528, 21.8, 1),
(528, 2.9, 2),
(529, 97, 0),
(529, 22.2, 1),
(529, 3, 2),
(530, 97, 0),
(530, 22.4, 1),
(530, 3.05, 2),
(531, 96, 0),
(531, 22.45, 1),
(531, 3.1, 2),
(532, 96, 0),
(532, 22.25, 1),
(532, 3.15, 2),
(533, 99, 0),
(533, 22.2, 1),
(533, 3.05, 2),
(534, 99, 0),
(534, 22.2, 1),
(534, 3.05, 2),
(535, 98, 0),
(535, 22, 1),
(535, 2.95, 2),
(536, 98, 0),
(536, 21.8, 1),
(536, 2.9, 2),
(537, 99, 0),
(537, 22.2, 1),
(537, 3.05, 2),
(538, 99, 0),
(538, 22.2, 1),
(538, 3.05, 2),
(539, 98, 0),
(539, 22, 1),
(539, 2.95, 2),
(540, 98, 0),
(540, 21.8, 1),
(540, 2.9, 2),
(541, 97, 0),
(541, 22.2, 1),
(541, 3, 2),
(542, 99, 0),
(542, 22.2, 1),
(542, 3.05, 2);

-- --------------------------------------------------------

--
-- Table structure for table `sensor_type`
--

CREATE TABLE IF NOT EXISTS `sensor_type` (
  `ID` int(11) NOT NULL,
  `new` tinyint(1) NOT NULL,
  `colour` mediumint(8) unsigned NOT NULL,
  `better_low` tinyint(1) NOT NULL,
  `description` text NOT NULL,
  `unit` varchar(10) NOT NULL,
  `is_public` tinyint(1) NOT NULL,
  `bound_upper` int(11) NOT NULL,
  `bound_lower` int(11) NOT NULL
) ENGINE=InnoDB AUTO_INCREMENT=3 DEFAULT CHARSET=utf8;

--
-- Dumping data for table `sensor_type`
--

INSERT INTO `sensor_type` (`ID`, `new`, `colour`, `better_low`, `description`, `unit`, `is_public`, `bound_upper`, `bound_lower`) VALUES
(0, 0, 99, 0, 'Battery Level', 'Percent', 1, 100, 0),
(1, 0, 888, 1, 'Internal Humidity', 'Percent', 0, 0, 100),
(2, 1, 16711680, 1, 'Turbidity', 'NTU', 1, 10000, 0);

-- --------------------------------------------------------

--
-- Table structure for table `user`
--

CREATE TABLE IF NOT EXISTS `user` (
  `id` int(11) NOT NULL,
  `username` varchar(50) NOT NULL,
  `password` varchar(100) NOT NULL
) ENGINE=InnoDB DEFAULT CHARSET=latin1;

-- --------------------------------------------------------

--
-- Table structure for table `warning_trigger`
--

CREATE TABLE IF NOT EXISTS `warning_trigger` (
  `ID` int(11) NOT NULL,
  `operator` int(11) NOT NULL,
  `level` int(11) NOT NULL,
  `message` int(11) NOT NULL,
  `sensor_type` int(11) NOT NULL
) ENGINE=InnoDB DEFAULT CHARSET=utf8;

--
-- Indexes for dumped tables
--

--
-- Indexes for table `buoy`
--
ALTER TABLE `buoy`
  ADD PRIMARY KEY (`ID`);

--
-- Indexes for table `command`
--
ALTER TABLE `command`
  ADD PRIMARY KEY (`command_id`),
  ADD KEY `buoy_id` (`buoy_id`);

--
-- Indexes for table `reading`
--
ALTER TABLE `reading`
  ADD PRIMARY KEY (`reading_id`);

--
-- Indexes for table `sensor_type`
--
ALTER TABLE `sensor_type`
  ADD PRIMARY KEY (`ID`);

--
-- Indexes for table `user`
--
ALTER TABLE `user`
  ADD PRIMARY KEY (`id`);

--
-- Indexes for table `warning_trigger`
--
ALTER TABLE `warning_trigger`
  ADD PRIMARY KEY (`ID`);

--
-- AUTO_INCREMENT for dumped tables
--

--
-- AUTO_INCREMENT for table `buoy`
--
ALTER TABLE `buoy`
  MODIFY `ID` int(11) NOT NULL AUTO_INCREMENT,AUTO_INCREMENT=3;
--
-- AUTO_INCREMENT for table `command`
--
ALTER TABLE `command`
  MODIFY `command_id` int(11) NOT NULL AUTO_INCREMENT;
--
-- AUTO_INCREMENT for table `reading`
--
ALTER TABLE `reading`
  MODIFY `reading_id` int(11) NOT NULL AUTO_INCREMENT,AUTO_INCREMENT=543;
--
-- AUTO_INCREMENT for table `sensor_type`
--
ALTER TABLE `sensor_type`
  MODIFY `ID` int(11) NOT NULL AUTO_INCREMENT,AUTO_INCREMENT=3;
--
-- AUTO_INCREMENT for table `user`
--
ALTER TABLE `user`
  MODIFY `id` int(11) NOT NULL AUTO_INCREMENT;
--
-- AUTO_INCREMENT for table `warning_trigger`
--
ALTER TABLE `warning_trigger`
  MODIFY `ID` int(11) NOT NULL AUTO_INCREMENT;
/*!40101 SET CHARACTER_SET_CLIENT=@OLD_CHARACTER_SET_CLIENT */;
/*!40101 SET CHARACTER_SET_RESULTS=@OLD_CHARACTER_SET_RESULTS */;
/*!40101 SET COLLATION_CONNECTION=@OLD_COLLATION_CONNECTION */;
