-- MySQL dump 10.13  Distrib 5.6.27, for Linux (x86_64)
--
-- Host: localhost    Database: fms
-- ------------------------------------------------------
-- Server version	5.6.27

/*!40101 SET @OLD_CHARACTER_SET_CLIENT=@@CHARACTER_SET_CLIENT */;
/*!40101 SET @OLD_CHARACTER_SET_RESULTS=@@CHARACTER_SET_RESULTS */;
/*!40101 SET @OLD_COLLATION_CONNECTION=@@COLLATION_CONNECTION */;
/*!40101 SET NAMES utf8 */;
/*!40103 SET @OLD_TIME_ZONE=@@TIME_ZONE */;
/*!40103 SET TIME_ZONE='+00:00' */;
/*!40014 SET @OLD_UNIQUE_CHECKS=@@UNIQUE_CHECKS, UNIQUE_CHECKS=0 */;
/*!40014 SET @OLD_FOREIGN_KEY_CHECKS=@@FOREIGN_KEY_CHECKS, FOREIGN_KEY_CHECKS=0 */;
/*!40101 SET @OLD_SQL_MODE=@@SQL_MODE, SQL_MODE='NO_AUTO_VALUE_ON_ZERO' */;
/*!40111 SET @OLD_SQL_NOTES=@@SQL_NOTES, SQL_NOTES=0 */;

--
-- Current Database: `fms`
--

CREATE DATABASE /*!32312 IF NOT EXISTS*/ `fms` /*!40100 DEFAULT CHARACTER SET latin1 */;

USE `fms`;

--
-- Table structure for table `buoy`
--

DROP TABLE IF EXISTS `buoy`;
/*!40101 SET @saved_cs_client     = @@character_set_client */;
/*!40101 SET character_set_client = utf8 */;
CREATE TABLE `buoy` (
  `id` int(11) NOT NULL AUTO_INCREMENT,
  `guid` varchar(100) COLLATE utf8_unicode_ci NOT NULL,
  `active_buoy_instance_id` int(11) NOT NULL,
  `archived` tinyint(1) NOT NULL,
  PRIMARY KEY (`id`)
) ENGINE=InnoDB AUTO_INCREMENT=56 DEFAULT CHARSET=utf8 COLLATE=utf8_unicode_ci;
/*!40101 SET character_set_client = @saved_cs_client */;

--
-- Dumping data for table `buoy`
--

LOCK TABLES `buoy` WRITE;
/*!40000 ALTER TABLE `buoy` DISABLE KEYS */;
INSERT INTO `buoy` VALUES (1,'e9528b5e-1d8f-4960-91ae-8b21ecc0bcab',63,0),(27,'dd32376b-c944-4501-9ec4-b834d4cd0337',95,0),(50,'73e3a204-4219-4098-8f5b-58b935727b93',117,0),(51,'eaa777c0-c994-489d-aa94-49ce2ebb0c10',118,0),(52,'bc42db99-4d3c-4883-8568-66d837057efb',119,0),(53,'67793f41-bf19-40fa-bb1e-a93cb3599acc',120,0),(54,'84419686-920e-402f-8369-bb3ed1ddbb07',121,0),(55,'e2016e55-1f6b-4ecb-9094-7b30a7b94da0',122,0);
/*!40000 ALTER TABLE `buoy` ENABLE KEYS */;
UNLOCK TABLES;

--
-- Table structure for table `buoy_command`
--

DROP TABLE IF EXISTS `buoy_command`;
/*!40101 SET @saved_cs_client     = @@character_set_client */;
/*!40101 SET character_set_client = utf8 */;
CREATE TABLE `buoy_command` (
  `id` int(11) NOT NULL AUTO_INCREMENT,
  `buoy_id` int(11) NOT NULL,
  `command_type_id` int(11) NOT NULL,
  `value` int(11) DEFAULT NULL,
  `sent` tinyint(1) NOT NULL DEFAULT '0',
  `sent_at` datetime DEFAULT NULL,
  `created_at` datetime NOT NULL,
  PRIMARY KEY (`id`),
  KEY `command_type_fk` (`command_type_id`),
  KEY `buoy_id` (`buoy_id`),
  CONSTRAINT `buoy_command_buoy_fk` FOREIGN KEY (`buoy_id`) REFERENCES `buoy` (`id`),
  CONSTRAINT `command_type_fk` FOREIGN KEY (`command_type_id`) REFERENCES `command_type` (`id`)
) ENGINE=InnoDB AUTO_INCREMENT=24 DEFAULT CHARSET=latin1;
/*!40101 SET character_set_client = @saved_cs_client */;

--
-- Dumping data for table `buoy_command`
--

LOCK TABLES `buoy_command` WRITE;
/*!40000 ALTER TABLE `buoy_command` DISABLE KEYS */;
INSERT INTO `buoy_command` VALUES (1,54,2,0,0,NULL,'2015-10-28 03:54:38'),(2,51,2,0,0,NULL,'2015-10-28 04:00:40'),(3,55,2,0,1,'2015-10-28 04:09:51','2015-10-28 04:09:28'),(4,55,2,0,1,'2015-10-28 04:09:51','2015-10-28 04:09:45'),(5,55,2,0,1,'2015-10-28 04:10:06','2015-10-28 04:09:56'),(6,55,2,0,1,'2015-10-28 04:10:21','2015-10-28 04:10:19'),(7,55,2,0,1,'2015-10-28 04:16:58','2015-10-28 04:16:48'),(8,55,2,0,1,'2015-10-28 04:17:05','2015-10-28 04:16:57'),(9,55,2,0,1,'2015-10-28 05:27:58','2015-10-28 04:43:10'),(10,53,2,0,0,NULL,'2015-10-28 05:15:05'),(11,52,2,0,0,NULL,'2015-10-28 05:27:09'),(12,55,2,0,1,'2015-10-28 05:27:58','2015-10-28 05:27:55'),(13,55,2,0,1,'2015-10-28 06:19:17','2015-10-28 06:19:15'),(14,55,2,0,1,'2015-10-28 06:45:55','2015-10-28 06:45:02'),(15,55,2,0,1,'2015-10-28 06:45:55','2015-10-28 06:45:13'),(16,55,2,0,1,'2015-10-28 06:45:55','2015-10-28 06:45:53'),(17,53,2,0,0,NULL,'2015-10-28 06:56:25'),(18,53,2,0,0,NULL,'2015-10-28 07:10:49'),(19,50,1,1,1,'2015-11-04 05:54:22','2015-10-28 07:35:14'),(20,53,2,0,0,NULL,'2015-10-28 07:42:54'),(21,53,2,0,0,NULL,'2015-10-28 07:43:09'),(22,55,2,0,1,'2015-10-28 07:43:24','2015-10-28 07:43:23'),(23,50,2,0,1,'2015-11-04 05:54:57','2015-11-04 05:54:54');
/*!40000 ALTER TABLE `buoy_command` ENABLE KEYS */;
UNLOCK TABLES;

--
-- Table structure for table `buoy_group`
--

DROP TABLE IF EXISTS `buoy_group`;
/*!40101 SET @saved_cs_client     = @@character_set_client */;
/*!40101 SET character_set_client = utf8 */;
CREATE TABLE `buoy_group` (
  `id` int(11) NOT NULL AUTO_INCREMENT,
  `name` varchar(100) COLLATE utf8_unicode_ci NOT NULL,
  `archived` tinyint(1) NOT NULL DEFAULT '0',
  PRIMARY KEY (`id`)
) ENGINE=InnoDB AUTO_INCREMENT=12 DEFAULT CHARSET=utf8 COLLATE=utf8_unicode_ci;
/*!40101 SET character_set_client = @saved_cs_client */;

--
-- Dumping data for table `buoy_group`
--

LOCK TABLES `buoy_group` WRITE;
/*!40000 ALTER TABLE `buoy_group` DISABLE KEYS */;
INSERT INTO `buoy_group` VALUES (0,'(Unassigned Group)',0),(1,'Dredging South',0),(10,'Brisbane River',0),(11,'Bremer River',0);
/*!40000 ALTER TABLE `buoy_group` ENABLE KEYS */;
UNLOCK TABLES;

--
-- Table structure for table `buoy_instance`
--

DROP TABLE IF EXISTS `buoy_instance`;
/*!40101 SET @saved_cs_client     = @@character_set_client */;
/*!40101 SET character_set_client = utf8 */;
CREATE TABLE `buoy_instance` (
  `id` int(11) NOT NULL AUTO_INCREMENT,
  `name` varchar(100) COLLATE utf8_unicode_ci NOT NULL,
  `poll_rate` int(11) NOT NULL DEFAULT '86400',
  `last_polled` datetime DEFAULT NULL,
  `buoy_id` int(11) NOT NULL,
  `buoy_group_id` int(11) NOT NULL,
  `date_created` datetime DEFAULT NULL,
  PRIMARY KEY (`id`),
  KEY `buoy_group_id` (`buoy_group_id`),
  KEY `buoy_id` (`buoy_id`),
  CONSTRAINT `buoy_fk` FOREIGN KEY (`buoy_id`) REFERENCES `buoy` (`id`),
  CONSTRAINT `buoy_group_fk` FOREIGN KEY (`buoy_group_id`) REFERENCES `buoy_group` (`id`)
) ENGINE=InnoDB AUTO_INCREMENT=123 DEFAULT CHARSET=utf8 COLLATE=utf8_unicode_ci;
/*!40101 SET character_set_client = @saved_cs_client */;

--
-- Dumping data for table `buoy_instance`
--

LOCK TABLES `buoy_instance` WRITE;
/*!40000 ALTER TABLE `buoy_instance` DISABLE KEYS */;
INSERT INTO `buoy_instance` VALUES (63,'Brisbane River 14/10',0,'2015-11-07 09:24:13',1,10,'2015-09-13 12:45:21'),(95,'Buoy Zero',0,NULL,27,0,'2015-09-30 01:16:42'),(117,'BNE1 - Drifting',0,NULL,50,1,'2015-10-25 12:42:43'),(118,'BNE2 - Stationary',0,NULL,51,10,'2015-10-26 02:07:55'),(119,'BNE3 - Drifting',0,NULL,52,10,'2015-10-27 00:45:05'),(120,'BNE4 - Drifting',0,NULL,53,10,'2015-10-27 20:05:50'),(121,'BRE1 - Drifting',0,NULL,54,11,'2015-10-27 20:46:20'),(122,'Ping Tester',0,'2015-10-28 07:43:24',55,0,'2015-10-28 04:08:42');
/*!40000 ALTER TABLE `buoy_instance` ENABLE KEYS */;
UNLOCK TABLES;
/*!50003 SET @saved_cs_client      = @@character_set_client */ ;
/*!50003 SET @saved_cs_results     = @@character_set_results */ ;
/*!50003 SET @saved_col_connection = @@collation_connection */ ;
/*!50003 SET character_set_client  = utf8mb4 */ ;
/*!50003 SET character_set_results = utf8mb4 */ ;
/*!50003 SET collation_connection  = utf8mb4_general_ci */ ;
/*!50003 SET @saved_sql_mode       = @@sql_mode */ ;
/*!50003 SET sql_mode              = 'NO_AUTO_VALUE_ON_ZERO' */ ;
DELIMITER ;;
/*!50003 CREATE*/ /*!50017 DEFINER=`root`@`%`*/ /*!50003 TRIGGER `buoy_instance_before_insert` BEFORE INSERT ON `buoy_instance`
 FOR EACH ROW BEGIN
    SET NEW.date_created = IFNULL(NEW.date_created, NOW());
END */;;
DELIMITER ;
/*!50003 SET sql_mode              = @saved_sql_mode */ ;
/*!50003 SET character_set_client  = @saved_cs_client */ ;
/*!50003 SET character_set_results = @saved_cs_results */ ;
/*!50003 SET collation_connection  = @saved_col_connection */ ;
/*!50003 SET @saved_cs_client      = @@character_set_client */ ;
/*!50003 SET @saved_cs_results     = @@character_set_results */ ;
/*!50003 SET @saved_col_connection = @@collation_connection */ ;
/*!50003 SET character_set_client  = utf8mb4 */ ;
/*!50003 SET character_set_results = utf8mb4 */ ;
/*!50003 SET collation_connection  = utf8mb4_general_ci */ ;
/*!50003 SET @saved_sql_mode       = @@sql_mode */ ;
/*!50003 SET sql_mode              = 'NO_AUTO_VALUE_ON_ZERO' */ ;
DELIMITER ;;
/*!50003 CREATE*/ /*!50017 DEFINER=`root`@`%`*/ /*!50003 TRIGGER `buoy_instance_after_insert` AFTER INSERT ON `buoy_instance`
 FOR EACH ROW BEGIN
	UPDATE `buoy` SET `buoy`.`active_buoy_instance_id`=NEW.id WHERE `buoy`.`id`=NEW.buoy_id;
END */;;
DELIMITER ;
/*!50003 SET sql_mode              = @saved_sql_mode */ ;
/*!50003 SET character_set_client  = @saved_cs_client */ ;
/*!50003 SET character_set_results = @saved_cs_results */ ;
/*!50003 SET collation_connection  = @saved_col_connection */ ;
/*!50003 SET @saved_cs_client      = @@character_set_client */ ;
/*!50003 SET @saved_cs_results     = @@character_set_results */ ;
/*!50003 SET @saved_col_connection = @@collation_connection */ ;
/*!50003 SET character_set_client  = utf8mb4 */ ;
/*!50003 SET character_set_results = utf8mb4 */ ;
/*!50003 SET collation_connection  = utf8mb4_general_ci */ ;
/*!50003 SET @saved_sql_mode       = @@sql_mode */ ;
/*!50003 SET sql_mode              = 'NO_AUTO_VALUE_ON_ZERO' */ ;
DELIMITER ;;
/*!50003 CREATE*/ /*!50017 DEFINER=`root`@`%`*/ /*!50003 TRIGGER `buoy_instance_after_delete` AFTER DELETE ON `buoy_instance`
 FOR EACH ROW BEGIN
	DECLARE active_buoy_instance_id int;
    
	SELECT `buoy`.`active_buoy_instance_id` INTO active_buoy_instance_id
    FROM `buoy` 
    WHERE `buoy`.`id`=OLD.`buoy_id`;
    
	IF OLD.`id` = active_buoy_instance_id THEN
		UPDATE `buoy` SET `buoy`.`active_buoy_instance_id`=0 WHERE 	`buoy`.`id`=OLD.`buoy_id`;
    END IF;
END */;;
DELIMITER ;
/*!50003 SET sql_mode              = @saved_sql_mode */ ;
/*!50003 SET character_set_client  = @saved_cs_client */ ;
/*!50003 SET character_set_results = @saved_cs_results */ ;
/*!50003 SET collation_connection  = @saved_col_connection */ ;

--
-- Table structure for table `buoy_instance_sensor`
--

DROP TABLE IF EXISTS `buoy_instance_sensor`;
/*!40101 SET @saved_cs_client     = @@character_set_client */;
/*!40101 SET character_set_client = utf8 */;
CREATE TABLE `buoy_instance_sensor` (
  `id` int(11) NOT NULL AUTO_INCREMENT,
  `buoy_instance_id` int(11) NOT NULL,
  `sensor_type_id` int(11) NOT NULL,
  `last_recorded` datetime DEFAULT NULL,
  PRIMARY KEY (`id`),
  UNIQUE KEY `buoy_instance_id_2` (`buoy_instance_id`,`sensor_type_id`),
  KEY `buoy_instance_id` (`buoy_instance_id`,`sensor_type_id`),
  KEY `buoy_instance_sensor_sensor_type_fk` (`sensor_type_id`),
  CONSTRAINT `buoy_instance_sensor_buoy_instance_fk` FOREIGN KEY (`buoy_instance_id`) REFERENCES `buoy_instance` (`id`),
  CONSTRAINT `buoy_instance_sensor_sensor_type_fk` FOREIGN KEY (`sensor_type_id`) REFERENCES `sensor_type` (`id`)
) ENGINE=InnoDB AUTO_INCREMENT=47 DEFAULT CHARSET=latin1;
/*!40101 SET character_set_client = @saved_cs_client */;

--
-- Dumping data for table `buoy_instance_sensor`
--

LOCK TABLES `buoy_instance_sensor` WRITE;
/*!40000 ALTER TABLE `buoy_instance_sensor` DISABLE KEYS */;
INSERT INTO `buoy_instance_sensor` VALUES (23,63,1,NULL),(24,63,2,NULL),(25,63,3,NULL),(26,63,4,NULL),(38,95,1,'2012-08-02 08:34:18'),(40,95,2,'2012-08-02 08:34:18'),(41,117,1,'2015-10-07 00:00:00'),(42,118,1,'2015-02-22 00:00:00'),(43,119,1,'2015-10-25 00:00:00'),(44,120,1,'2015-10-17 00:00:00'),(45,121,1,'2015-09-30 00:00:00'),(46,121,2,'2015-09-30 00:00:00');
/*!40000 ALTER TABLE `buoy_instance_sensor` ENABLE KEYS */;
UNLOCK TABLES;

--
-- Table structure for table `command_type`
--

DROP TABLE IF EXISTS `command_type`;
/*!40101 SET @saved_cs_client     = @@character_set_client */;
/*!40101 SET character_set_client = utf8 */;
CREATE TABLE `command_type` (
  `id` int(11) NOT NULL AUTO_INCREMENT,
  `name` varchar(100) COLLATE utf8_unicode_ci NOT NULL DEFAULT '',
  `description` varchar(250) COLLATE utf8_unicode_ci NOT NULL DEFAULT '',
  `archived` tinyint(1) NOT NULL DEFAULT '0',
  PRIMARY KEY (`id`)
) ENGINE=InnoDB AUTO_INCREMENT=5 DEFAULT CHARSET=utf8 COLLATE=utf8_unicode_ci;
/*!40101 SET character_set_client = @saved_cs_client */;

--
-- Dumping data for table `command_type`
--

LOCK TABLES `command_type` WRITE;
/*!40000 ALTER TABLE `command_type` DISABLE KEYS */;
INSERT INTO `command_type` VALUES (1,'Base Wakeup Rate','How frequently the buoy wakes up',0),(2,'Ping','Used during deployment to test buoy connection to server',0),(3,'GPS Wakeup Rate','How frequently the GPS module on the buoy wakes up to update its coordinates',0),(4,'Transmit Reading Rate','How frequently the buoy queries the server for new commands and transmits its collected readings',0);
/*!40000 ALTER TABLE `command_type` ENABLE KEYS */;
UNLOCK TABLES;

--
-- Table structure for table `reading`
--

DROP TABLE IF EXISTS `reading`;
/*!40101 SET @saved_cs_client     = @@character_set_client */;
/*!40101 SET character_set_client = utf8 */;
CREATE TABLE `reading` (
  `id` int(11) NOT NULL AUTO_INCREMENT,
  `latitude` decimal(12,10) NOT NULL,
  `longitude` decimal(13,10) NOT NULL,
  `altitude` decimal(7,3) NOT NULL DEFAULT '0.000',
  `speed_og` decimal(7,3) NOT NULL DEFAULT '0.000',
  `course` decimal(6,3) NOT NULL,
  `timestamp` datetime NOT NULL,
  `buoy_instance_id` int(11) NOT NULL,
  PRIMARY KEY (`id`),
  KEY `buoy_instance_id` (`buoy_instance_id`),
  CONSTRAINT `reading_buoy_instance_fk` FOREIGN KEY (`buoy_instance_id`) REFERENCES `buoy_instance_sensor` (`buoy_instance_id`)
) ENGINE=InnoDB AUTO_INCREMENT=329 DEFAULT CHARSET=latin1;
/*!40101 SET character_set_client = @saved_cs_client */;

--
-- Dumping data for table `reading`
--

LOCK TABLES `reading` WRITE;
/*!40000 ALTER TABLE `reading` DISABLE KEYS */;
INSERT INTO `reading` VALUES (1,-27.5403330000,152.8401450000,0.000,0.000,138.040,'2015-10-06 22:28:00',117),(2,-27.5397020000,152.8394670000,0.000,0.000,283.060,'2015-10-06 22:43:54',117),(3,-27.5393620000,152.8386650000,0.000,0.000,283.060,'2015-10-06 22:49:33',117),(4,-27.5391350000,152.8378870000,0.000,0.000,283.060,'2015-10-06 22:55:12',117),(5,-27.5389600000,152.8373290000,0.000,0.000,283.060,'2015-10-06 23:02:29',117),(6,-27.5388160000,152.8367830000,0.000,0.000,283.060,'2015-10-06 23:09:45',117),(7,-27.5385580000,152.8359470000,0.000,0.000,283.060,'2015-10-06 23:17:01',117),(8,-27.5384040000,152.8355520000,0.000,0.000,283.060,'2015-10-06 23:17:49',117),(9,-27.5382180000,152.8348780000,0.000,0.000,283.060,'2015-10-06 23:23:28',117),(10,-27.5380950000,152.8341580000,0.000,0.000,283.060,'2015-10-06 23:57:16',117),(11,-27.5378060000,152.8335770000,0.000,0.000,342.950,'2015-10-07 00:04:32',117),(12,-27.5374660000,152.8330540000,0.000,0.000,14.860,'2015-10-07 00:13:49',117),(13,-27.5370950000,152.8326710000,0.000,0.000,14.860,'2015-10-07 00:33:49',117),(14,-27.5367350000,152.8323800000,0.000,0.000,14.860,'2015-10-07 00:42:37',117),(15,-27.5363640000,152.8315320000,0.000,0.000,14.860,'2015-10-07 00:49:49',117),(16,-27.5358390000,152.8313470000,0.000,0.000,14.860,'2015-10-07 00:56:13',117),(17,-27.5352000000,152.8309630000,0.000,0.000,14.860,'2015-10-07 00:57:02',117),(18,-27.5344890000,152.8308240000,0.000,0.000,14.860,'2015-10-07 00:57:49',117),(19,-27.5338200000,152.8308240000,0.000,0.000,14.860,'2015-10-07 01:11:30',117),(20,-27.5334280000,152.8305450000,0.000,0.000,14.860,'2015-10-07 01:18:46',117),(21,-27.3568000000,153.1979400000,0.000,0.000,0.000,'2015-02-19 09:58:00',118),(22,-27.3568000000,153.1979400000,0.000,0.000,0.000,'2015-02-19 11:22:00',118),(23,-27.3568000000,153.1979400000,0.000,0.000,0.000,'2015-02-19 12:45:00',118),(24,-27.3568000000,153.1979400000,0.000,0.000,0.000,'2015-02-19 14:09:00',118),(25,-27.3568000000,153.1979400000,0.000,0.000,0.000,'2015-02-19 15:32:00',118),(26,-27.3568000000,153.1979400000,0.000,0.000,0.000,'2015-02-19 16:55:00',118),(27,-27.3568000000,153.1979400000,0.000,0.000,0.000,'2015-02-19 18:19:00',118),(28,-27.3568000000,153.1979400000,0.000,0.000,0.000,'2015-02-19 19:42:00',118),(29,-27.3568000000,153.1979400000,0.000,0.000,0.000,'2015-02-19 21:06:00',118),(30,-27.3568000000,153.1979400000,0.000,0.000,0.000,'2015-02-19 22:29:00',118),(31,-27.3568000000,153.1979400000,0.000,0.000,0.000,'2015-02-19 23:53:00',118),(32,-27.3568000000,153.1979400000,0.000,0.000,0.000,'2015-02-20 01:16:00',118),(33,-27.3568000000,153.1979400000,0.000,0.000,0.000,'2015-02-20 02:40:00',118),(34,-27.3568000000,153.1979400000,0.000,0.000,0.000,'2015-02-20 04:03:00',118),(35,-27.3568000000,153.1979400000,0.000,0.000,0.000,'2015-02-20 05:27:00',118),(36,-27.3568000000,153.1979400000,0.000,0.000,0.000,'2015-02-20 06:50:00',118),(37,-27.3568000000,153.1979400000,0.000,0.000,0.000,'2015-02-20 08:14:00',118),(38,-27.3568000000,153.1979400000,0.000,0.000,0.000,'2015-02-20 09:37:00',118),(39,-27.3568000000,153.1979400000,0.000,0.000,0.000,'2015-02-20 11:01:00',118),(40,-27.3568000000,153.1979400000,0.000,0.000,0.000,'2015-02-20 12:24:00',118),(41,-27.3568000000,153.1979400000,0.000,0.000,0.000,'2015-02-20 13:48:00',118),(42,-27.3568000000,153.1979400000,0.000,0.000,0.000,'2015-02-20 15:11:00',118),(43,-27.3568000000,153.1979400000,0.000,0.000,0.000,'2015-02-20 16:35:00',118),(44,-27.3568000000,153.1979400000,0.000,0.000,0.000,'2015-02-20 17:58:00',118),(45,-27.3568000000,153.1979400000,0.000,0.000,0.000,'2015-02-20 19:21:00',118),(46,-27.3568000000,153.1979400000,0.000,0.000,0.000,'2015-02-20 20:45:00',118),(47,-27.3568000000,153.1979400000,0.000,0.000,0.000,'2015-02-20 22:08:00',118),(48,-27.3568000000,153.1979400000,0.000,0.000,0.000,'2015-02-20 23:32:00',118),(49,-27.3568000000,153.1979400000,0.000,0.000,0.000,'2015-02-21 00:55:00',118),(50,-27.3568000000,153.1979400000,0.000,0.000,0.000,'2015-02-21 02:19:00',118),(51,-27.3568000000,153.1979400000,0.000,0.000,0.000,'2015-02-21 03:42:00',118),(52,-27.3568000000,153.1979400000,0.000,0.000,0.000,'2015-02-21 05:06:00',118),(53,-27.3568000000,153.1979400000,0.000,0.000,0.000,'2015-02-21 06:29:00',118),(54,-27.3568000000,153.1979400000,0.000,0.000,0.000,'2015-02-21 07:53:00',118),(55,-27.3568000000,153.1979400000,0.000,0.000,0.000,'2015-02-21 09:16:00',118),(56,-27.3568000000,153.1979400000,0.000,0.000,0.000,'2015-02-21 10:40:00',118),(57,-27.3568000000,153.1979400000,0.000,0.000,0.000,'2015-02-21 12:03:00',118),(58,-27.3568000000,153.1979400000,0.000,0.000,0.000,'2015-02-21 13:27:00',118),(59,-27.3568000000,153.1979400000,0.000,0.000,0.000,'2015-02-21 14:50:00',118),(60,-27.3568000000,153.1979400000,0.000,0.000,0.000,'2015-02-21 16:14:00',118),(61,-27.3568000000,153.1979400000,0.000,0.000,0.000,'2015-02-21 17:37:00',118),(62,-27.3568000000,153.1979400000,0.000,0.000,0.000,'2015-02-21 19:01:00',118),(63,-27.3568000000,153.1979400000,0.000,0.000,0.000,'2015-02-21 20:24:00',118),(64,-27.3568000000,153.1979400000,0.000,0.000,0.000,'2015-02-21 21:47:00',118),(65,-27.3568000000,153.1979400000,0.000,0.000,0.000,'2015-02-21 23:11:00',118),(66,-27.3568000000,153.1979400000,0.000,0.000,0.000,'2015-02-22 00:34:00',118),(67,-27.3568000000,153.1979400000,0.000,0.000,0.000,'2015-02-22 01:58:00',118),(68,-27.3568000000,153.1979400000,0.000,0.000,0.000,'2015-02-22 03:21:00',118),(69,-27.3568000000,153.1979400000,0.000,0.000,0.000,'2015-02-22 04:45:00',118),(70,-27.3568000000,153.1979400000,0.000,0.000,0.000,'2015-02-22 06:08:00',118),(71,-27.3568000000,153.1979400000,0.000,0.000,0.000,'2015-02-22 07:32:00',118),(72,-27.3568000000,153.1979400000,0.000,0.000,0.000,'2015-02-22 08:55:00',118),(73,-27.3568000000,153.1979400000,0.000,0.000,0.000,'2015-02-22 10:19:00',118),(74,-27.3568000000,153.1979400000,0.000,0.000,0.000,'2015-02-22 11:42:00',118),(75,-27.3568000000,153.1979400000,0.000,0.000,0.000,'2015-02-22 13:06:00',118),(76,-27.5284650000,152.9498180000,0.000,0.000,138.040,'2015-10-24 22:28:00',119),(77,-27.5286570000,152.9499990000,0.000,0.000,258.390,'2015-10-24 22:28:48',119),(78,-27.5288170000,152.9502870000,0.000,0.000,258.390,'2015-10-24 22:30:13',119),(79,-27.5289770000,152.9505760000,0.000,0.000,183.090,'2015-10-24 22:31:00',119),(80,-27.5290730000,152.9509370000,0.000,0.000,183.090,'2015-10-24 22:31:49',119),(81,-27.5290730000,152.9513340000,0.000,0.000,183.090,'2015-10-24 22:32:37',119),(82,-27.5291690000,152.9516950000,0.000,0.000,183.090,'2015-10-24 22:33:25',119),(83,-27.5292010000,152.9521280000,0.000,0.000,183.090,'2015-10-24 22:34:13',119),(84,-27.5292170000,152.9523620000,0.000,0.000,331.550,'2015-10-24 22:35:02',119),(85,-27.5292330000,152.9525790000,0.000,0.000,335.250,'2015-10-24 22:35:50',119),(86,-27.5292970000,152.9528130000,0.000,0.000,335.250,'2015-10-24 22:36:38',119),(87,-27.5293610000,152.9530480000,0.000,0.000,83.780,'2015-10-24 22:37:27',119),(88,-27.5294570000,152.9533190000,0.000,0.000,301.040,'2015-10-24 22:38:15',119),(89,-27.5295210000,152.9534990000,0.000,0.000,276.020,'2015-10-24 22:39:03',119),(90,-27.5296010000,152.9537700000,0.000,0.000,284.570,'2015-10-24 22:39:52',119),(91,-27.5296970000,152.9539680000,0.000,0.000,288.030,'2015-10-24 22:40:40',119),(92,-27.5298410000,152.9542210000,0.000,0.000,283.060,'2015-10-24 22:41:29',119),(93,-27.5299530000,152.9544010000,0.000,0.000,283.060,'2015-10-24 22:42:17',119),(94,-27.5301120000,152.9545910000,0.000,0.000,283.060,'2015-10-24 22:43:05',119),(95,-27.5303020000,152.9548060000,0.000,0.000,283.060,'2015-10-24 22:43:54',119),(96,-27.5304930000,152.9549990000,0.000,0.000,283.060,'2015-10-24 22:44:42',119),(97,-27.5307590000,152.9552780000,0.000,0.000,283.060,'2015-10-24 22:45:31',119),(98,-27.5309300000,152.9555350000,0.000,0.000,283.060,'2015-10-24 22:46:19',119),(99,-27.5311020000,152.9558140000,0.000,0.000,283.060,'2015-10-24 22:47:08',119),(100,-27.5312540000,152.9560500000,0.000,0.000,283.060,'2015-10-24 22:47:56',119),(101,-27.5314250000,152.9563080000,0.000,0.000,283.060,'2015-10-24 22:48:45',119),(102,-27.5316340000,152.9565650000,0.000,0.000,283.060,'2015-10-24 22:49:33',119),(103,-27.5318060000,152.9567580000,0.000,0.000,283.060,'2015-10-24 22:50:22',119),(104,-27.5319390000,152.9569730000,0.000,0.000,283.060,'2015-10-24 22:51:10',119),(105,-27.5321100000,152.9571660000,0.000,0.000,283.060,'2015-10-24 22:51:59',119),(106,-27.5322810000,152.9573590000,0.000,0.000,283.060,'2015-10-24 22:52:47',119),(107,-27.5324530000,152.9575740000,0.000,0.000,283.060,'2015-10-24 22:53:35',119),(108,-27.5326620000,152.9577670000,0.000,0.000,283.060,'2015-10-24 22:54:24',119),(109,-27.5328520000,152.9580670000,0.000,0.000,283.060,'2015-10-24 22:55:12',119),(110,-27.5330610000,152.9582390000,0.000,0.000,283.060,'2015-10-24 22:56:01',119),(111,-27.5332520000,152.9584540000,0.000,0.000,283.060,'2015-10-24 22:56:49',119),(112,-27.5334610000,152.9585390000,0.000,0.000,283.060,'2015-10-24 22:57:38',119),(113,-27.5337080000,152.9587540000,0.000,0.000,283.060,'2015-10-24 22:58:26',119),(114,-27.5339180000,152.9589040000,0.000,0.000,283.060,'2015-10-24 22:59:15',119),(115,-27.5341080000,152.9590760000,0.000,0.000,283.060,'2015-10-24 23:00:03',119),(116,-27.5331150000,152.9577900000,0.000,0.000,0.000,'2015-10-17 09:58:00',120),(117,-27.5347250000,152.9596450000,0.000,0.000,0.000,'2015-10-17 09:59:00',120),(118,-27.5361280000,152.9604610000,0.000,0.000,0.000,'2015-10-17 10:01:00',120),(119,-27.5379840000,152.9611250000,0.000,0.000,0.000,'2015-10-17 10:02:00',120),(120,-27.5394770000,152.9619410000,0.000,0.000,0.000,'2015-10-17 10:04:00',120),(121,-27.5416490000,152.9630130000,0.000,0.000,0.000,'2015-10-17 10:05:00',120),(122,-27.5431880000,152.9645950000,0.000,0.000,0.000,'2015-10-17 10:06:00',120),(123,-27.5441380000,152.9676060000,0.000,0.000,0.000,'2015-10-17 10:08:00',120),(124,-27.5443640000,152.9707700000,0.000,0.000,0.000,'2015-10-17 10:09:00',120),(125,-27.5440020000,152.9730670000,0.000,0.000,0.000,'2015-10-17 10:10:00',120),(126,-27.5423730000,152.9741390000,0.000,0.000,0.000,'2015-10-17 10:12:00',120),(127,-27.5402460000,152.9739350000,0.000,0.000,0.000,'2015-10-17 10:13:00',120),(128,-27.5382100000,152.9730670000,0.000,0.000,0.000,'2015-10-17 10:14:00',120),(129,-27.5365350000,152.9717910000,0.000,0.000,0.000,'2015-10-17 10:16:00',120),(130,-27.5344540000,152.9706680000,0.000,0.000,0.000,'2015-10-17 10:17:00',120),(131,-27.5316930000,152.9708730000,0.000,0.000,0.000,'2015-10-17 10:18:00',120),(132,-27.5291140000,152.9715360000,0.000,0.000,0.000,'2015-10-17 10:20:00',120),(133,-27.5264890000,152.9716380000,0.000,0.000,0.000,'2015-10-17 10:21:00',120),(134,-27.5235920000,152.9702600000,0.000,0.000,0.000,'2015-10-17 10:22:00',120),(135,-27.5221890000,152.9696480000,0.000,0.000,0.000,'2015-10-17 10:24:00',120),(136,-27.5197450000,152.9681680000,0.000,0.000,0.000,'2015-10-17 10:25:00',120),(137,-27.5172100000,152.9671470000,0.000,0.000,0.000,'2015-10-17 10:26:00',120),(138,-27.5144490000,152.9667900000,0.000,0.000,0.000,'2015-10-17 10:28:00',120),(139,-27.5116430000,152.9669940000,0.000,0.000,0.000,'2015-10-17 10:29:00',120),(140,-27.5091540000,152.9681170000,0.000,0.000,0.000,'2015-10-17 10:30:00',120),(141,-27.5062570000,152.9699540000,0.000,0.000,0.000,'2015-10-17 10:32:00',120),(142,-27.5054420000,152.9719440000,0.000,0.000,0.000,'2015-10-17 10:33:00',120),(143,-27.5056680000,152.9740370000,0.000,0.000,0.000,'2015-10-17 10:34:00',120),(144,-27.5063920000,152.9755680000,0.000,0.000,0.000,'2015-10-17 10:36:00',120),(145,-27.5072520000,152.9773540000,0.000,0.000,0.000,'2015-10-17 10:37:00',120),(146,-27.5085200000,152.9790890000,0.000,0.000,0.000,'2015-10-17 10:38:00',120),(147,-27.5102400000,152.9811820000,0.000,0.000,0.000,'2015-10-17 10:40:00',120),(148,-27.5125940000,152.9835290000,0.000,0.000,0.000,'2015-10-17 10:41:00',120),(149,-27.5150380000,152.9859280000,0.000,0.000,0.000,'2015-10-17 10:42:00',120),(150,-27.5168940000,152.9875610000,0.000,0.000,0.000,'2015-10-17 10:44:00',120),(151,-27.5188400000,152.9899090000,0.000,0.000,0.000,'2015-10-17 10:45:00',120),(152,-27.5206500000,152.9922050000,0.000,0.000,0.000,'2015-10-17 10:46:00',120),(153,-27.5218720000,152.9950630000,0.000,0.000,0.000,'2015-10-17 10:48:00',120),(154,-27.5223700000,152.9976660000,0.000,0.000,0.000,'2015-10-17 10:49:00',120),(155,-27.5228230000,153.0002690000,0.000,0.000,0.000,'2015-10-17 10:50:00',120),(156,-27.5229130000,153.0036370000,0.000,0.000,0.000,'2015-10-17 10:52:00',120),(157,-27.5226420000,153.0069540000,0.000,0.000,0.000,'2015-10-17 10:53:00',120),(158,-27.5212390000,153.0090470000,0.000,0.000,0.000,'2015-10-17 10:54:00',120),(159,-27.5184780000,153.0105270000,0.000,0.000,0.000,'2015-10-17 10:56:00',120),(160,-27.5168030000,153.0091490000,0.000,0.000,0.000,'2015-10-17 10:57:00',120),(161,-27.5162600000,153.0053210000,0.000,0.000,0.000,'2015-10-17 10:58:00',120),(162,-27.5161240000,153.0023100000,0.000,0.000,0.000,'2015-10-17 11:00:00',120),(163,-27.5159880000,153.0004730000,0.000,0.000,0.000,'2015-10-17 11:01:00',120),(164,-27.5147660000,152.9984830000,0.000,0.000,0.000,'2015-10-17 11:02:00',120),(165,-27.5129100000,152.9984830000,0.000,0.000,0.000,'2015-10-17 11:04:00',120),(166,-27.5112810000,152.9988910000,0.000,0.000,0.000,'2015-10-17 11:05:00',120),(167,-27.5097870000,152.9996050000,0.000,0.000,0.000,'2015-10-17 11:06:00',120),(168,-27.5081120000,153.0006260000,0.000,0.000,0.000,'2015-10-17 11:08:00',120),(169,-27.5068000000,153.0018510000,0.000,0.000,0.000,'2015-10-17 11:09:00',120),(170,-27.5055320000,153.0040450000,0.000,0.000,0.000,'2015-10-17 11:10:00',120),(171,-27.5048080000,153.0077200000,0.000,0.000,0.000,'2015-10-17 11:12:00',120),(172,-27.5043550000,153.0111390000,0.000,0.000,0.000,'2015-10-17 11:13:00',120),(173,-27.5038570000,153.0146610000,0.000,0.000,0.000,'2015-10-17 11:14:00',120),(174,-27.5034500000,153.0177740000,0.000,0.000,0.000,'2015-10-17 11:16:00',120),(175,-27.5022280000,153.0203770000,0.000,0.000,0.000,'2015-10-17 11:17:00',120),(176,-27.5003720000,153.0211420000,0.000,0.000,0.000,'2015-10-17 11:18:00',120),(177,-27.4981080000,153.0206320000,0.000,0.000,0.000,'2015-10-17 11:20:00',120),(178,-27.4954370000,153.0195090000,0.000,0.000,0.000,'2015-10-17 11:21:00',120),(179,-27.4935810000,153.0177230000,0.000,0.000,0.000,'2015-10-17 11:22:00',120),(180,-27.4919060000,153.0152730000,0.000,0.000,0.000,'2015-10-17 11:24:00',120),(181,-27.4909550000,153.0117520000,0.000,0.000,0.000,'2015-10-17 11:25:00',120),(182,-27.4911370000,153.0083320000,0.000,0.000,0.000,'2015-10-17 11:26:00',120),(183,-27.4912270000,153.0049130000,0.000,0.000,0.000,'2015-10-17 11:28:00',120),(184,-27.4911820000,153.0019020000,0.000,0.000,0.000,'2015-10-17 11:29:00',120),(185,-27.4905030000,152.9978190000,0.000,0.000,0.000,'2015-10-17 11:30:00',120),(186,-27.4888280000,152.9955740000,0.000,0.000,0.000,'2015-10-17 11:32:00',120),(187,-27.4864730000,152.9956250000,0.000,0.000,0.000,'2015-10-17 11:33:00',120),(188,-27.4836210000,152.9972580000,0.000,0.000,0.000,'2015-10-17 11:34:00',120),(189,-27.4821270000,152.9988910000,0.000,0.000,0.000,'2015-10-17 11:36:00',120),(190,-27.4800440000,153.0001670000,0.000,0.000,0.000,'2015-10-17 11:37:00',120),(191,-27.4784600000,153.0015960000,0.000,0.000,0.000,'2015-10-17 11:38:00',120),(192,-27.4761050000,153.0039940000,0.000,0.000,0.000,'2015-10-17 11:40:00',120),(193,-27.4735240000,153.0062400000,0.000,0.000,0.000,'2015-10-17 11:41:00',120),(194,-27.4718040000,153.0086900000,0.000,0.000,0.000,'2015-10-17 11:42:00',120),(195,-27.4704450000,153.0108840000,0.000,0.000,0.000,'2015-10-17 11:44:00',120),(196,-27.4690410000,153.0140480000,0.000,0.000,0.000,'2015-10-17 11:45:00',120),(197,-27.4690450000,153.0178210000,0.000,0.000,0.000,'2015-10-17 11:46:00',120),(198,-27.4729090000,153.0215770000,0.000,0.000,0.000,'2015-10-17 11:48:00',120),(199,-27.4753540000,153.0231080000,0.000,0.000,0.000,'2015-10-17 11:49:00',120),(200,-27.4778440000,153.0251490000,0.000,0.000,0.000,'2015-10-17 11:50:00',120),(201,-27.4801530000,153.0277520000,0.000,0.000,0.000,'2015-10-17 11:52:00',120),(202,-27.4803350000,153.0306610000,0.000,0.000,0.000,'2015-10-17 11:53:00',120),(203,-27.4782520000,153.0324980000,0.000,0.000,0.000,'2015-10-17 11:54:00',120),(204,-27.4755800000,153.0328550000,0.000,0.000,0.000,'2015-10-17 11:56:00',120),(205,-27.4735430000,153.0329570000,0.000,0.000,0.000,'2015-10-17 11:57:00',120),(206,-27.4706000000,153.0326510000,0.000,0.000,0.000,'2015-10-17 11:58:00',120),(207,-27.4678830000,153.0325490000,0.000,0.000,0.000,'2015-10-17 12:00:00',120),(208,-27.4660710000,153.0327530000,0.000,0.000,0.000,'2015-10-17 12:01:00',120),(209,-27.4638980000,153.0338760000,0.000,0.000,0.000,'2015-10-17 12:02:00',120),(210,-27.4640790000,153.0370910000,0.000,0.000,0.000,'2015-10-17 12:04:00',120),(211,-27.4654830000,153.0391330000,0.000,0.000,0.000,'2015-10-17 12:05:00',120),(212,-27.4682000000,153.0396940000,0.000,0.000,0.000,'2015-10-17 12:06:00',120),(213,-27.4672380000,153.0392490000,0.000,0.000,0.000,'2015-10-17 12:08:00',120),(214,-27.4690040000,153.0399630000,0.000,0.000,0.000,'2015-10-17 12:09:00',120),(215,-27.4715390000,153.0402690000,0.000,0.000,0.000,'2015-10-17 12:10:00',120),(216,-27.4741200000,153.0414940000,0.000,0.000,0.000,'2015-10-17 12:12:00',120),(217,-27.4758410000,153.0432300000,0.000,0.000,0.000,'2015-10-17 12:13:00',120),(218,-27.4762030000,153.0459340000,0.000,0.000,0.000,'2015-10-17 12:14:00',120),(219,-27.4753430000,153.0487920000,0.000,0.000,0.000,'2015-10-17 12:16:00',120),(220,-27.4740300000,153.0512420000,0.000,0.000,0.000,'2015-10-17 12:17:00',120),(221,-27.4727170000,153.0537940000,0.000,0.000,0.000,'2015-10-17 12:18:00',120),(222,-27.4711770000,153.0553760000,0.000,0.000,0.000,'2015-10-17 12:20:00',120),(223,-27.4694560000,153.0563460000,0.000,0.000,0.000,'2015-10-17 12:21:00',120),(224,-27.4672380000,153.0558350000,0.000,0.000,0.000,'2015-10-17 12:22:00',120),(225,-27.4649280000,153.0545080000,0.000,0.000,0.000,'2015-10-17 12:24:00',120),(226,-27.4630260000,153.0528750000,0.000,0.000,0.000,'2015-10-17 12:25:00',120),(227,-27.4610340000,153.0516500000,0.000,0.000,0.000,'2015-10-17 12:26:00',120),(228,-27.4577280000,153.0510890000,0.000,0.000,0.000,'2015-10-17 12:28:00',120),(229,-27.4547390000,153.0509870000,0.000,0.000,0.000,'2015-10-17 12:29:00',120),(230,-27.4519310000,153.0498130000,0.000,0.000,0.000,'2015-10-17 12:30:00',120),(231,-27.4495760000,153.0489960000,0.000,0.000,0.000,'2015-10-17 12:32:00',120),(232,-27.4469490000,153.0479760000,0.000,0.000,0.000,'2015-10-17 12:33:00',120),(233,-27.4441870000,153.0472610000,0.000,0.000,0.000,'2015-10-17 12:34:00',120),(234,-27.4421480000,153.0492010000,0.000,0.000,0.000,'2015-10-17 12:36:00',120),(235,-27.4406990000,153.0516500000,0.000,0.000,0.000,'2015-10-17 12:37:00',120),(236,-27.4406080000,153.0559880000,0.000,0.000,0.000,'2015-10-17 12:38:00',120),(237,-27.4408800000,153.0602750000,0.000,0.000,0.000,'2015-10-17 12:40:00',120),(238,-27.4416960000,153.0644600000,0.000,0.000,0.000,'2015-10-17 12:41:00',120),(239,-27.4431900000,153.0694110000,0.000,0.000,0.000,'2015-10-17 12:42:00',120),(240,-27.4450470000,153.0743100000,0.000,0.000,0.000,'2015-10-17 12:44:00',120),(241,-27.4461340000,153.0779330000,0.000,0.000,0.000,'2015-10-17 12:45:00',120),(242,-27.4469950000,153.0813020000,0.000,0.000,0.000,'2015-10-17 12:46:00',120),(243,-27.4478100000,153.0847210000,0.000,0.000,0.000,'2015-10-17 12:48:00',120),(244,-27.4483530000,153.0884980000,0.000,0.000,0.000,'2015-10-17 12:49:00',120),(245,-27.4481270000,153.0912540000,0.000,0.000,0.000,'2015-10-17 12:50:00',120),(246,-27.4473570000,153.0956940000,0.000,0.000,0.000,'2015-10-17 12:52:00',120),(247,-27.4464510000,153.0995720000,0.000,0.000,0.000,'2015-10-17 12:53:00',120),(248,-27.4449110000,153.1047780000,0.000,0.000,0.000,'2015-10-17 12:54:00',120),(249,-27.4437790000,153.1077890000,0.000,0.000,0.000,'2015-10-17 12:56:00',120),(250,-27.4414240000,153.1118210000,0.000,0.000,0.000,'2015-10-17 12:57:00',120),(251,-27.4389330000,153.1140150000,0.000,0.000,0.000,'2015-10-17 12:58:00',120),(252,-27.4368040000,153.1164140000,0.000,0.000,0.000,'2015-10-17 13:00:00',120),(253,-27.4337690000,153.1192720000,0.000,0.000,0.000,'2015-10-17 13:01:00',120),(254,-27.4315950000,153.1219770000,0.000,0.000,0.000,'2015-10-17 13:02:00',120),(255,-27.4296920000,153.1251920000,0.000,0.000,0.000,'2015-10-17 13:04:00',120),(256,-27.4281070000,153.1279480000,0.000,0.000,0.000,'2015-10-17 13:05:00',120),(257,-27.4252530000,153.1331030000,0.000,0.000,0.000,'2015-10-17 13:06:00',120),(258,-27.4228890000,153.1374740000,0.000,0.000,0.000,'2015-10-17 13:08:00',120),(259,-27.4208960000,153.1410470000,0.000,0.000,0.000,'2015-10-17 13:09:00',120),(260,-27.4184950000,153.1434960000,0.000,0.000,0.000,'2015-10-17 13:10:00',120),(261,-27.4157310000,153.1450780000,0.000,0.000,0.000,'2015-10-17 13:12:00',120),(262,-27.4122880000,153.1469670000,0.000,0.000,0.000,'2015-10-17 13:13:00',120),(263,-27.4073040000,153.1498760000,0.000,0.000,0.000,'2015-10-17 13:14:00',120),(264,-27.4045860000,153.1515600000,0.000,0.000,0.000,'2015-10-17 13:16:00',120),(265,-27.4010970000,153.1526830000,0.000,0.000,0.000,'2015-10-17 13:17:00',120),(266,-27.3970650000,153.1542650000,0.000,0.000,0.000,'2015-10-17 13:18:00',120),(267,-27.3938140000,153.1548080000,0.000,0.000,0.000,'2015-10-17 13:20:00',120),(268,-27.3888610000,153.1559240000,0.000,0.000,0.000,'2015-10-17 13:21:00',120),(269,-27.3850500000,153.1578120000,0.000,0.000,0.000,'2015-10-17 13:22:00',120),(270,-27.3811640000,153.1606440000,0.000,0.000,0.000,'2015-10-17 13:24:00',120),(271,-27.3768950000,153.1621890000,0.000,0.000,0.000,'2015-10-17 13:25:00',120),(272,-27.3727800000,153.1603870000,0.000,0.000,0.000,'2015-10-17 13:26:00',120),(273,-27.3697310000,153.1580690000,0.000,0.000,0.000,'2015-10-17 13:28:00',120),(274,-27.3691970000,153.1562670000,0.000,0.000,0.000,'2015-10-17 13:29:00',120),(275,-27.5911660000,152.7823020000,0.000,0.000,0.000,'2015-09-30 10:00:00',121),(276,-27.5899960000,152.7829870000,0.000,0.000,0.000,'2015-09-30 10:04:00',121),(277,-27.5888340000,152.7839730000,0.000,0.000,0.000,'2015-09-30 10:08:00',121),(278,-27.5862190000,152.7862580000,0.000,0.000,0.000,'2015-09-30 10:12:00',121),(279,-27.5854250000,152.7892410000,0.000,0.000,0.000,'2015-09-30 10:16:00',121),(280,-27.5844310000,152.7909090000,0.000,0.000,0.000,'2015-09-30 10:20:00',121),(281,-27.5831850000,152.7941490000,0.000,0.000,0.000,'2015-09-30 10:24:00',121),(282,-27.5826200000,152.7975750000,0.000,0.000,0.000,'2015-09-30 10:28:00',121),(283,-27.5831910000,152.8016260000,0.000,0.000,0.000,'2015-09-30 10:32:00',121),(284,-27.5822880000,152.8059070000,0.000,0.000,0.000,'2015-09-30 10:36:00',121),(285,-27.5833840000,152.8087570000,0.000,0.000,0.000,'2015-09-30 10:40:00',121),(286,-27.5863890000,152.8116650000,0.000,0.000,0.000,'2015-09-30 10:44:00',121),(287,-27.5850480000,152.8146480000,0.000,0.000,0.000,'2015-09-30 10:48:00',121),(288,-27.5810640000,152.8146580000,0.000,0.000,0.000,'2015-09-30 10:52:00',121),(289,-27.5790950000,152.8164930000,0.000,0.000,0.000,'2015-09-30 10:56:00',121),(290,-27.5803120000,152.8210210000,0.000,0.000,0.000,'2015-09-30 11:00:00',121),(291,-27.5785720000,152.8235320000,0.000,0.000,0.000,'2015-09-30 11:04:00',121),(292,-27.5758900000,152.8242510000,0.000,0.000,0.000,'2015-09-30 11:08:00',121),(293,-27.5746580000,152.8259190000,0.000,0.000,0.000,'2015-09-30 11:12:00',121),(294,-27.5760350000,152.8267760000,0.000,0.000,0.000,'2015-09-30 11:16:00',121),(295,-27.5784410000,152.8275060000,0.000,0.000,0.000,'2015-09-30 11:20:00',121),(296,-27.5784410000,152.8275060000,0.000,0.000,0.000,'2015-09-30 11:24:00',121),(297,-27.5794300000,152.8323000000,0.000,0.000,0.000,'2015-09-30 11:28:00',121),(298,-27.5792870000,152.8363450000,0.000,0.000,0.000,'2015-09-30 11:32:00',121),(299,-27.5798200000,152.8389630000,0.000,0.000,0.000,'2015-09-30 11:36:00',121),(300,-27.5806760000,152.8439090000,0.000,0.000,0.000,'2015-09-30 11:40:00',121),(301,-27.5817480000,152.8464770000,0.000,0.000,0.000,'2015-09-30 11:44:00',121),(302,-27.5824420000,152.8523180000,0.000,0.000,0.000,'2015-09-30 11:48:00',121),(303,-27.5839070000,152.8548570000,0.000,0.000,0.000,'2015-09-30 11:52:00',121),(304,-27.5855700000,152.8552950000,0.000,0.000,0.000,'2015-09-30 11:56:00',121),(305,-27.5881630000,152.8557930000,0.000,0.000,0.000,'2015-09-30 12:00:00',121),(306,-27.5903600000,152.8559870000,0.000,0.000,0.000,'2015-09-30 12:04:00',121),(307,-27.5925340000,152.8564140000,0.000,0.000,0.000,'2015-09-30 12:08:00',121),(308,-27.5946490000,152.8562780000,0.000,0.000,0.000,'2015-09-30 12:12:00',121),(309,-27.5958400000,152.8562410000,0.000,0.000,0.000,'2015-09-30 12:16:00',121),(310,-27.5968580000,152.8561610000,0.000,0.000,0.000,'2015-09-30 12:20:00',121),(311,-27.6066520000,152.7383941667,257.000,0.000,0.000,'2012-08-02 08:34:18',95),(312,-27.6062530000,152.7378900000,257.000,0.000,0.000,'2012-08-02 08:34:18',95),(313,-27.6057990000,152.7374460000,257.000,0.000,0.000,'2012-08-02 08:34:18',95),(314,-27.6049240000,153.7373020000,257.000,0.000,0.000,'2012-08-02 08:34:18',95),(315,-27.6041250000,153.7382680000,257.000,0.000,0.000,'2012-08-02 08:34:18',95),(316,-27.6037450000,153.7389440000,257.000,0.000,0.000,'2012-08-02 08:34:18',95),(317,-27.6032980000,153.7399310000,257.000,0.000,0.000,'2012-08-02 08:34:18',95),(318,-27.6031650000,153.7407140000,257.000,0.000,0.000,'2012-08-02 08:34:18',95),(319,-27.6030790000,153.7416580000,257.000,0.000,0.000,'2012-08-02 08:34:18',95),(320,-27.6028890000,153.7429560000,257.000,0.000,0.000,'2012-08-02 08:34:18',95),(321,-27.6027270000,153.7440070000,257.000,0.000,0.000,'2012-08-02 08:34:18',95),(322,-27.6026030000,153.7452520000,257.000,0.000,0.000,'2012-08-02 08:34:18',95),(323,-27.6026120000,153.7463890000,257.000,0.000,0.000,'2012-08-02 08:34:18',95),(324,-27.6025070000,153.7475480000,257.000,0.000,0.000,'2012-08-02 08:34:18',95),(325,-27.6022220000,153.7485670000,257.000,0.000,0.000,'2012-08-02 08:34:18',95),(326,-27.6016130000,153.7492320000,257.000,0.000,0.000,'2012-08-02 08:34:18',95),(327,-27.6008620000,153.7495970000,257.000,0.000,0.000,'2012-08-02 08:34:18',95),(328,-27.5998450000,153.7499190000,257.000,0.000,0.000,'2012-08-02 08:34:18',95);
/*!40000 ALTER TABLE `reading` ENABLE KEYS */;
UNLOCK TABLES;

--
-- Table structure for table `sensor_reading`
--

DROP TABLE IF EXISTS `sensor_reading`;
/*!40101 SET @saved_cs_client     = @@character_set_client */;
/*!40101 SET character_set_client = utf8 */;
CREATE TABLE `sensor_reading` (
  `id` int(11) NOT NULL AUTO_INCREMENT,
  `reading_id` int(11) NOT NULL,
  `sensor_type_id` int(11) NOT NULL,
  `value` decimal(13,6) NOT NULL,
  PRIMARY KEY (`id`),
  KEY `reading_id` (`reading_id`),
  KEY `sensor_type_id` (`sensor_type_id`),
  CONSTRAINT `reading_value_reading_fk` FOREIGN KEY (`reading_id`) REFERENCES `reading` (`id`),
  CONSTRAINT `reading_value_sensor_type_fk` FOREIGN KEY (`sensor_type_id`) REFERENCES `buoy_instance_sensor` (`sensor_type_id`)
) ENGINE=InnoDB AUTO_INCREMENT=365 DEFAULT CHARSET=latin1;
/*!40101 SET character_set_client = @saved_cs_client */;

--
-- Dumping data for table `sensor_reading`
--

LOCK TABLES `sensor_reading` WRITE;
/*!40000 ALTER TABLE `sensor_reading` DISABLE KEYS */;
INSERT INTO `sensor_reading` VALUES (1,1,1,81.014000),(2,2,1,59.526500),(3,3,1,67.770500),(4,4,1,66.364000),(5,5,1,56.882500),(6,6,1,81.014000),(7,7,1,56.882500),(8,8,1,107.158000),(9,9,1,58.198000),(10,10,1,87.238000),(11,11,1,73.526500),(12,12,1,74.998000),(13,13,1,69.190000),(14,14,1,62.222500),(15,15,1,60.868000),(16,16,1,66.364000),(17,17,1,276.790000),(18,18,1,96.964000),(19,19,1,96.964000),(20,20,1,98.630500),(21,21,1,21.000000),(22,22,1,63.000000),(23,23,1,78.000000),(24,24,1,41.000000),(25,25,1,43.000000),(26,26,1,83.000000),(27,27,1,132.000000),(28,28,1,150.000000),(29,29,1,67.000000),(30,30,1,83.000000),(31,31,1,101.000000),(32,32,1,76.000000),(33,33,1,45.000000),(34,34,1,89.000000),(35,35,1,180.000000),(36,36,1,202.000000),(37,37,1,222.000000),(38,38,1,35.000000),(39,39,1,25.000000),(40,40,1,29.000000),(41,41,1,41.000000),(42,42,1,35.000000),(43,43,1,125.000000),(44,44,1,164.000000),(45,45,1,139.000000),(46,46,1,85.000000),(47,47,1,34.000000),(48,48,1,48.000000),(49,49,1,156.000000),(50,50,1,106.000000),(51,51,1,75.000000),(52,52,1,139.000000),(53,53,1,411.000000),(54,54,1,407.000000),(56,56,1,164.000000),(57,57,1,78.000000),(58,58,1,101.000000),(59,59,1,51.000000),(60,60,1,48.000000),(61,61,1,331.000000),(63,63,1,485.000000),(64,64,1,286.000000),(65,65,1,257.000000),(66,66,1,273.000000),(67,67,1,356.000000),(68,68,1,176.000000),(69,69,1,88.000000),(70,70,1,546.000000),(71,71,1,513.000000),(72,72,1,396.000000),(73,73,1,250.000000),(74,74,1,257.000000),(75,75,1,273.000000),(76,76,1,81.014000),(77,77,1,63.590000),(78,78,1,59.526500),(79,79,1,63.590000),(80,80,1,67.770500),(81,81,1,67.770500),(82,82,1,66.364000),(83,83,1,64.970500),(84,84,1,56.882500),(85,85,1,59.526500),(86,86,1,81.014000),(87,87,1,98.630500),(88,88,1,56.882500),(89,89,1,59.526500),(90,90,1,107.158000),(91,91,1,55.580000),(92,92,1,58.198000),(93,93,1,62.222500),(94,94,1,87.238000),(95,95,1,77.980000),(96,96,1,73.526500),(97,97,1,77.980000),(98,98,1,74.998000),(99,99,1,72.068000),(100,100,1,69.190000),(101,101,1,66.364000),(102,102,1,62.222500),(103,103,1,63.590000),(104,104,1,60.868000),(105,105,1,62.222500),(106,106,1,66.364000),(107,107,1,81.014000),(108,108,1,276.790000),(109,109,1,103.708000),(110,110,1,96.964000),(111,111,1,95.310500),(112,112,1,96.964000),(113,113,1,98.630500),(114,114,1,98.630500),(115,115,1,100.310000),(116,116,1,21.000000),(117,117,1,31.000000),(118,118,1,37.000000),(119,119,1,31.000000),(120,120,1,37.000000),(121,121,1,33.000000),(122,122,1,29.000000),(123,123,1,23.000000),(124,124,1,27.000000),(125,125,1,31.000000),(126,126,1,31.000000),(127,127,1,47.000000),(128,128,1,33.000000),(129,129,1,41.000000),(130,130,1,35.000000),(131,131,1,35.000000),(132,132,1,37.000000),(133,133,1,35.000000),(134,134,1,37.000000),(135,135,1,31.000000),(136,136,1,33.000000),(137,137,1,35.000000),(138,138,1,33.000000),(139,139,1,41.000000),(140,140,1,33.000000),(141,141,1,49.000000),(142,142,1,47.000000),(143,143,1,35.000000),(144,144,1,47.000000),(145,145,1,43.000000),(146,146,1,41.000000),(147,147,1,45.000000),(148,148,1,53.000000),(149,149,1,83.000000),(150,150,1,118.000000),(151,151,1,47.000000),(152,152,1,61.000000),(153,153,1,67.000000),(154,154,1,55.000000),(155,155,1,53.000000),(156,156,1,47.000000),(157,157,1,55.000000),(158,158,1,63.000000),(159,159,1,63.000000),(160,160,1,61.000000),(161,161,1,55.000000),(162,162,1,57.000000),(163,163,1,74.000000),(164,164,1,69.000000),(165,165,1,83.000000),(166,166,1,53.000000),(167,167,1,59.000000),(168,168,1,61.000000),(169,169,1,72.000000),(170,170,1,61.000000),(171,171,1,63.000000),(172,172,1,78.000000),(173,173,1,74.000000),(174,174,1,72.000000),(175,175,1,92.000000),(176,176,1,67.000000),(177,177,1,69.000000),(178,178,1,59.000000),(179,179,1,83.000000),(180,180,1,57.000000),(181,181,1,51.000000),(182,182,1,69.000000),(183,183,1,74.000000),(184,184,1,61.000000),(185,185,1,85.000000),(186,186,1,74.000000),(187,187,1,96.000000),(188,188,1,65.000000),(189,189,1,65.000000),(190,190,1,63.000000),(191,191,1,94.000000),(192,192,1,85.000000),(193,193,1,110.000000),(194,194,1,65.000000),(195,195,1,69.000000),(196,196,1,96.000000),(197,197,1,83.000000),(198,198,1,99.000000),(199,199,1,67.000000),(200,200,1,80.000000),(201,201,1,130.000000),(202,202,1,80.000000),(203,203,1,103.000000),(204,204,1,65.000000),(205,205,1,92.000000),(206,206,1,69.000000),(207,207,1,94.000000),(208,208,1,55.000000),(209,209,1,65.000000),(210,210,1,61.000000),(211,211,1,55.000000),(212,212,1,80.000000),(213,213,1,80.000000),(214,214,1,94.000000),(215,215,1,83.000000),(216,216,1,65.000000),(217,217,1,69.000000),(218,218,1,74.000000),(219,219,1,61.000000),(220,220,1,63.000000),(221,221,1,57.000000),(222,222,1,63.000000),(223,223,1,85.000000),(224,224,1,72.000000),(225,225,1,67.000000),(226,226,1,59.000000),(227,227,1,67.000000),(228,228,1,83.000000),(229,229,1,76.000000),(230,230,1,76.000000),(231,231,1,72.000000),(232,232,1,85.000000),(233,233,1,92.000000),(234,234,1,106.000000),(235,235,1,106.000000),(236,236,1,76.000000),(237,237,1,94.000000),(238,238,1,63.000000),(239,239,1,76.000000),(240,240,1,72.000000),(241,241,1,78.000000),(242,242,1,53.000000),(243,243,1,96.000000),(244,244,1,55.000000),(245,245,1,69.000000),(246,246,1,85.000000),(247,247,1,76.000000),(248,248,1,59.000000),(249,249,1,83.000000),(250,250,1,69.000000),(251,251,1,85.000000),(252,252,1,55.000000),(253,253,1,51.000000),(254,254,1,57.000000),(255,255,1,85.000000),(256,256,1,55.000000),(257,257,1,59.000000),(258,258,1,113.000000),(259,259,1,59.000000),(260,260,1,57.000000),(261,261,1,51.000000),(262,262,1,120.000000),(263,263,1,49.000000),(264,264,1,43.000000),(265,265,1,74.000000),(266,266,1,106.000000),(267,267,1,63.000000),(268,268,1,53.000000),(269,269,1,61.000000),(270,270,1,94.000000),(271,271,1,89.000000),(272,272,1,59.000000),(273,273,1,59.000000),(274,274,1,47.000000),(275,275,1,21.000000),(276,275,2,24.000000),(277,276,1,27.000000),(278,276,2,23.000000),(279,277,1,23.000000),(280,277,2,22.000000),(281,278,1,25.000000),(282,278,2,23.000000),(283,279,1,25.000000),(284,279,2,24.000000),(285,280,1,27.000000),(286,280,2,25.000000),(287,281,1,29.000000),(288,281,2,26.000000),(289,282,1,29.000000),(290,282,2,23.000000),(291,283,1,31.000000),(292,283,2,22.000000),(293,284,1,31.000000),(294,284,2,23.000000),(295,285,1,31.000000),(296,285,2,23.000000),(297,286,1,43.000000),(298,286,2,25.000000),(299,287,1,31.000000),(300,287,2,24.000000),(301,288,1,20.000000),(302,288,2,25.000000),(303,289,1,35.000000),(304,289,2,23.000000),(305,290,1,31.000000),(306,290,2,22.000000),(307,291,1,37.000000),(308,291,2,22.000000),(309,292,1,49.000000),(310,292,2,21.000000),(311,293,1,29.000000),(312,293,2,22.000000),(313,294,1,31.000000),(314,294,2,23.000000),(315,295,1,33.000000),(316,295,2,24.000000),(317,296,1,29.000000),(318,296,2,25.000000),(319,297,1,35.000000),(320,297,2,26.000000),(321,298,1,55.000000),(322,298,2,23.000000),(323,299,1,31.000000),(324,299,2,24.000000),(325,300,1,37.000000),(326,300,2,26.000000),(327,301,1,20.000000),(328,301,2,27.000000),(329,302,1,33.000000),(330,302,2,24.000000),(331,303,1,31.000000),(332,303,2,27.000000),(333,304,1,27.000000),(334,304,2,23.000000),(335,305,1,33.000000),(336,305,2,22.000000),(337,306,1,37.000000),(338,306,2,24.000000),(339,307,1,37.000000),(340,307,2,27.000000),(341,308,1,33.000000),(342,308,2,26.000000),(343,309,1,25.000000),(344,309,2,26.000000),(345,310,1,37.000000),(346,310,2,26.000000),(347,311,1,100.000000),(348,312,1,100.000000),(349,313,1,100.000000),(350,314,1,100.000000),(351,315,1,100.000000),(352,316,1,100.000000),(353,317,1,100.000000),(354,318,1,100.000000),(355,319,1,100.000000),(356,320,1,100.000000),(357,321,1,100.000000),(358,322,1,100.000000),(359,323,1,100.000000),(360,324,1,100.000000),(361,325,1,100.000000),(362,326,1,100.000000),(363,327,1,100.000000),(364,328,1,100.000000);
/*!40000 ALTER TABLE `sensor_reading` ENABLE KEYS */;
UNLOCK TABLES;

--
-- Table structure for table `sensor_type`
--

DROP TABLE IF EXISTS `sensor_type`;
/*!40101 SET @saved_cs_client     = @@character_set_client */;
/*!40101 SET character_set_client = utf8 */;
CREATE TABLE `sensor_type` (
  `id` int(11) NOT NULL AUTO_INCREMENT,
  `name` varchar(100) COLLATE utf8_unicode_ci NOT NULL,
  `description` varchar(100) COLLATE utf8_unicode_ci NOT NULL,
  `unit` varchar(50) COLLATE utf8_unicode_ci NOT NULL,
  `lower_bound` decimal(13,6) DEFAULT NULL,
  `upper_bound` decimal(13,6) DEFAULT NULL,
  `archived` tinyint(1) NOT NULL DEFAULT '0',
  PRIMARY KEY (`id`),
  UNIQUE KEY `name` (`name`)
) ENGINE=InnoDB AUTO_INCREMENT=5 DEFAULT CHARSET=utf8 COLLATE=utf8_unicode_ci;
/*!40101 SET character_set_client = @saved_cs_client */;

--
-- Dumping data for table `sensor_type`
--

LOCK TABLES `sensor_type` WRITE;
/*!40000 ALTER TABLE `sensor_type` DISABLE KEYS */;
INSERT INTO `sensor_type` VALUES (1,'Turbidity','Amount of light that can pass through the water','NTU',0.000000,300.000000,0),(2,'Temperature','Temperature','C',0.000000,100.000000,0),(3,'Battery','Battery','%',0.000000,100.000000,0),(4,'Pressure','Water pressure','hPa',0.000000,500.000000,0);
/*!40000 ALTER TABLE `sensor_type` ENABLE KEYS */;
UNLOCK TABLES;

--
-- Table structure for table `user`
--

DROP TABLE IF EXISTS `user`;
/*!40101 SET @saved_cs_client     = @@character_set_client */;
/*!40101 SET character_set_client = utf8 */;
CREATE TABLE `user` (
  `id` int(11) NOT NULL AUTO_INCREMENT,
  `first_name` varchar(100) COLLATE utf8_unicode_ci DEFAULT NULL,
  `last_name` varchar(100) COLLATE utf8_unicode_ci DEFAULT NULL,
  `email` varchar(100) COLLATE utf8_unicode_ci NOT NULL,
  `password` varchar(100) COLLATE utf8_unicode_ci NOT NULL,
  `role` varchar(100) COLLATE utf8_unicode_ci NOT NULL,
  `last_login` datetime DEFAULT NULL,
  PRIMARY KEY (`id`),
  UNIQUE KEY `email` (`email`)
) ENGINE=InnoDB AUTO_INCREMENT=91 DEFAULT CHARSET=utf8 COLLATE=utf8_unicode_ci;
/*!40101 SET character_set_client = @saved_cs_client */;

--
-- Dumping data for table `user`
--

LOCK TABLES `user` WRITE;
/*!40000 ALTER TABLE `user` DISABLE KEYS */;
INSERT INTO `user` VALUES (23,'Andrew','Dyer','andrew@dyergroup.com.au','$2a$10$0y7AQ5gESxnkl4CovBf0W.ROl/im/JhWGCgsSUhTc/ocsHIx4IGLW','system_admin','2015-11-07 12:33:20'),(41,'Tom','Howard','thowa1995@gmail.com','$2a$10$mv/lnHvD5P4duPWZJ4tcM.Xj/Yrj2yLRARR3Q9ugKST.Hf6Qp9132','power_user','2015-10-20 12:49:43'),(46,'Malcolm','Marker','m.marker@uq.edu.au','$2a$10$kDc7ZrBEAvOua1GNgv0uCOgvv7/vqPTmbBIR.HhAzvk6pN/iP54XO','power_user','2015-09-30 05:18:38'),(61,'Andrew','Cleland','andrew.cleland3@gmail.com','$2a$10$CBGWu3oDZe.VkKIPbR5yeODDFcdfawUHlchXA51vey8t09gizc9Pm','system_admin','2015-10-23 12:15:35'),(65,'Sean','Manson','sean_manson@iprimus.com.au','$2a$10$kqLublN2SF2ufiuWMHkrFumvRZVy7N5gdbQe4wIY0ByLh9kJD7a52','power_user','2015-10-20 09:06:13'),(82,'Henry','Chladil','henry.ponco@gmail.com','$2a$10$VcsbiZ3/7wCV.lOc81wlZu3Y0MpH60eBDST1CE4TtXUdDQIwzgRuC','power_user',NULL),(83,'Water','Watcher','teamneptune@henrycjc.com','$2a$10$6NqpRgTIoeFyMv7S1Smktuh2zOSzqbYnmbz3YEAfuEPMgeSNBsN/G','user',NULL),(84,'andrew','cleland','andrew.cleland@uqconnect.edu.au','$2a$10$9fq70WbrTMwtoZBsLSxE3ur/aeKEeQJCwjncjzh9KUfLG.u/Wk/tq','system_admin',NULL),(85,'alex','gneiding','alex.gneiding@gmail.com','$2a$10$I9j6SAORDwJU0y.ac.GhbeH7WhJ8e0V43xaA4VHDLDx6MLZId6Hvu','system_admin','2015-11-07 09:06:30'),(86,'Ray','White','ray.white@uq.edu.au','$2a$10$VjB0TujSotrL5x2UNtlusOAitDREMqHH4ykU83X8.G0B1s.nNO9uK','system_admin','2015-11-03 21:52:55'),(88,'Saiman','Wong','saimanwong@gmail.com','$2a$10$f.Q7jbdO8RnAM8NfAA7Khet.Imf7v2WdsjigxADc457tGA/hZZv4e','system_admin','2015-11-03 12:16:49'),(90,'','','oohgloworm@gmail.com','$2a$10$kC3g8QdLD5bWYuEsxxpqEeBH63ZbB11T7s0eemyk6zdgeSBBiYzbi','system_admin','2015-11-03 13:34:04');
/*!40000 ALTER TABLE `user` ENABLE KEYS */;
UNLOCK TABLES;

--
-- Table structure for table `warning_trigger`
--

DROP TABLE IF EXISTS `warning_trigger`;
/*!40101 SET @saved_cs_client     = @@character_set_client */;
/*!40101 SET character_set_client = utf8 */;
CREATE TABLE `warning_trigger` (
  `id` int(11) NOT NULL AUTO_INCREMENT,
  `value` decimal(13,6) NOT NULL,
  `operator` varchar(100) COLLATE utf8_unicode_ci NOT NULL,
  `message` varchar(250) COLLATE utf8_unicode_ci NOT NULL,
  `buoy_instance_id` int(11) NOT NULL,
  `sensor_type_id` int(11) NOT NULL,
  PRIMARY KEY (`id`),
  KEY `buoy_instance_id` (`buoy_instance_id`,`sensor_type_id`),
  CONSTRAINT `warning_trigger_buoy_instance_sensor_fk` FOREIGN KEY (`buoy_instance_id`, `sensor_type_id`) REFERENCES `buoy_instance_sensor` (`buoy_instance_id`, `sensor_type_id`)
) ENGINE=InnoDB AUTO_INCREMENT=61 DEFAULT CHARSET=utf8 COLLATE=utf8_unicode_ci;
/*!40101 SET character_set_client = @saved_cs_client */;

--
-- Dumping data for table `warning_trigger`
--

LOCK TABLES `warning_trigger` WRITE;
/*!40000 ALTER TABLE `warning_trigger` DISABLE KEYS */;
INSERT INTO `warning_trigger` VALUES (49,100.000000,'>','The water is very dirty!',63,1),(50,100.000000,'>','The water is very dirty!',95,1),(51,100.000000,'>','The water is very dirty!',117,1),(52,100.000000,'>','The water is very dirty!',118,1),(53,100.000000,'>','The water is very dirty!',119,1),(54,100.000000,'>','The water is very dirty!',120,1),(55,100.000000,'>','The water is very dirty!',121,1);
/*!40000 ALTER TABLE `warning_trigger` ENABLE KEYS */;
UNLOCK TABLES;
/*!40103 SET TIME_ZONE=@OLD_TIME_ZONE */;

/*!40101 SET SQL_MODE=@OLD_SQL_MODE */;
/*!40014 SET FOREIGN_KEY_CHECKS=@OLD_FOREIGN_KEY_CHECKS */;
/*!40014 SET UNIQUE_CHECKS=@OLD_UNIQUE_CHECKS */;
/*!40101 SET CHARACTER_SET_CLIENT=@OLD_CHARACTER_SET_CLIENT */;
/*!40101 SET CHARACTER_SET_RESULTS=@OLD_CHARACTER_SET_RESULTS */;
/*!40101 SET COLLATION_CONNECTION=@OLD_COLLATION_CONNECTION */;
/*!40111 SET SQL_NOTES=@OLD_SQL_NOTES */;

-- Dump completed on 2015-11-07 15:59:13
